disfluent,label,pred_label
त्या एक वैद्यकीय म्हणजे वैद्यकीय तरुणी होती,त्या एक वैद्यकीय तरुणी होती, त्या एक वैद्यकीय तरुणी होती
अं संभाजी गावडे नावाचे पोलीस उपाध्यक्ष म्हणून नवीन नियुक्ती झाली होती बीड जिल्ह्याला,संभाजी गावडे नावाचे पोलीस उपाध्यक्ष म्हणून नवीन नियुक्ती झाली होती बीड जिल्ह्याला, संभाजी गावडे नावाचे पोलीस उपाध्यक्ष म्हणून नवीन नियुक्ती झाली होती बीड जिल्ह्याला
माझी पहिली भूमिका की म्हणजे जनतेत जाऊन पहिले जग हल्ली ग्रामीण भागात असं झालं की गुन्ह्यांबद्दल जेव्हा माहिती नसते,जनतेत जाऊन हल्ली ग्रामीण भागात असं झालं की गुन्ह्यांबद्दल जेव्हा माहिती नसते, माझी पहिली भूमिका की म्हणजे जनतेत जाऊन पहिले जग हल्ली ग्रामीण भागात असं झालं की गुन्ह्यांबद्दल जेव्हा माहिती नसते
ह्याच्यासाठी सर अं म्हणजे आता मी मला असं वाटतं आपण संख्याबळ विशेषतः तीन कर्मचारी पदं भरली पाहिजे जेणेकरून इतरांना अतिरिक्त भार येणार नाही,ह्याच्यासाठी सर म्हणजे आता मी मला असं वाटतं आपण संख्याबळ विशेषतः तीन कर्मचारी पदं भरली पाहिजे जेणेकरून इतरांना अतिरिक्त भार येणार नाही, मला असं वाटतं आपण संख्याबळ विशेषतः तीन कर्मचारी पदं भरली पाहिजे जेणेकरून इतरांना अतिरिक्त भार येणार नाही
विशेषतः खून बलात्कार चोरी दरोडा फसवणे अं बेकायदेशीर जमाव कृत्य असो,विशेषतः खून बलात्कार चोरी दरोडा फसवणे बेकायदेशीर जमाव कृत्य असो, विशेषतः खून बलात्कार चोरी दरोडा फसवणे अं बेकायदेशीर जमाव कृत्य असो
वर्दी डिपार्मेंटमध्ये सर अं आपल्याकडे अं मोटर ट्रान्सपोर्ट डिपार्टमेंट आहे,वर्दी डिपार्मेंटमध्ये सर आपल्याकडे मोटर ट्रान्सपोर्ट डिपार्टमेंट आहे, आपल्याकडे अं मोटर ट्रान्सपोर्ट डिपार्टमेंट आहे
सर मी पहिल्या तीन एसएसबी अं अलहाबाद आणि बेंगलोरला दिल्या,सर मी पहिल्या तीन एसएसबी अलहाबाद आणि बेंगलोरला दिल्या, सर मी पहिल्या तीन एसएसबी अलहाबाद आणि बेंगलोरला दिल्या
आणि सर थोडं इंग्लिश कम्युनिकेशनमुळे पण मी माघारी मागे पडलो असं मला वाटतं स्वतःला,आणि सर थोडं इंग्लिश कम्युनिकेशनमुळे मी माघारी मागे पडलो असं मला वाटतं स्वतःला," मला वाटतं, थोडा इंग्लिश कम्युनिकेशनमुळे पण मी मागे पडलो असं मला वाटतं स्वतःला"
कोर्ट मार्शल सर माझ्या वाचनानुसार तर जे आर्मीचे सदस्य आहेत जे सोल्जर किंवा ऑफिसर लोक असतील ते त्यांनी जर कोणता गुन्हा केला तर आपल्या सिविलिय कोर्टमध्ये गुन्हा होत नाही तो आर्मीच्या कोर्टमध्येच होतो आणि तिथे कोर्टमार्शल चालतं,कोर्ट मार्शल सर माझ्या वाचनानुसार तर जे आर्मीचे सदस्य आहेत जे सोल्जर किंवा ऑफिसर लोक असतील त्यांनी जर कोणता गुन्हा केला तर आपल्या सिविलिय कोर्टमध्ये गुन्हा होत नाही तो आर्मीच्या कोर्टमध्येच होतो आणि तिथे कोर्टमार्शल चालतं, कोर्टमार्शल सर माझ्या वाचनानुसार तर जे आर्मीचे सदस्य आहेत जे सोल्जर किंवा ऑफिसर लोक असतील ते त्यांनी जर कोणता गुन्हा केला तर आपल्या सिविलिय कोर्टमध्ये गुन्हा होत नाही तो आर्मीच्या कोर्टमध्येच होतो आणि तिथे कोर्टमार्शल चालतं
तसं तसं मी हळूहळू बदल तसा बदल करण्याचा चेंज करण्याचा प्रयत्न करेन माझ्या स्वभावामध्ये,तसं मी हळूहळू तसा बदल करण्याचा चेंज करण्याचा प्रयत्न करेन माझ्या स्वभावामध्ये, तसं तसं मी हळूहळू बदल करण्याचा चेंज करण्याचा प्रयत्न करेन माझ्या स्वभावामध्ये
आगोदर जर यात्रा भरणार असेल त्याची सगळी म्हणजे त्या ठिकाणची पार्श्वभूमी मी जाणून घेईन,आगोदर जर यात्रा भरणार असेल त्या ठिकाणची पार्श्वभूमी मी जाणून घेईन, जर यात्रा भरणार असेल त्याची सगळी पार्श्वभूमी मी जाणून घेईन
सर क्रिमिनल कॉम्प्र कॉम्प्रहन्सी,सर क्रिमिनल कॉम्प्रहन्सी, क्रिमिनल कॉम्प्रहन्सी
फंडामेंटल अं राईट्स मिन्स आपण आपल्यालाच संविधानाने जे आपले मुलभूत हक्क आहेत,फंडामेंटल राईट्स मिन्स आपण आपल्यालाच संविधानाने जे आपले मुलभूत हक्क आहेत, फंडामेंटल राईट्स मिन्स आपल्यालाच संविधानाने जे आपले मुलभूत हक्क आहेत
हो सर मला दैनंदिन म्हणजे वेगवगळ्या प्रकारची एक्सरसाईज करायला आवडतात,हो सर मला वेगवगळ्या प्रकारची एक्सरसाईज करायला आवडतात, मला दैनंदिन म्हणजे वेगवगळ्या प्रकारची एक्सरसाईज करायला आवडतात
मग ही अशा सवलती महिलांना दिल्या जातात त्या दृष्टीकोनातून मिसयुज होताना दिसतं का,मग अशा सवलती महिलांना दिल्या जातात त्या दृष्टीकोनातून मिसयुज होताना दिसतं का, मिसयुज होताना दिसतं का?
आपण अशा महिलांना समुपदेशन करून शकतो सर आणि त्याच्या अं ते जे व्यसन आहे त्याच त्याच्यामुळे होणारे दुष्परिणाम त्यांना समजावून सांगू शकतो,आपण अशा महिलांना समुपदेशन करून शकतो सर आणि ते जे व्यसन आहे त्याच्यामुळे होणारे दुष्परिणाम त्यांना समजावून सांगू शकतो, आपण अशा महिलांना समुपदेशन करून शकतो सर आणि त्याच्या अं ते जे व्यसन आहे त्याच त्याच्यामुळे होणारे दुष्परिणाम त्यांना समजावून सांगू शकतो
सर मला असं वाटतं ना को कोणत्याही महिलांच्या बाबतीत जो आपल्याला डिसिजन घ्यायचा असेल त्या ठिकाणी बहुतेक महिलांच्या मिटिंग्स किंवा महिलांच्या सभा घेतल्या जातात,सर मला असं वाटतं कोणत्याही महिलांच्या बाबतीत जो आपल्याला डिसिजन घ्यायचा असेल त्या ठिकाणी बहुतेक महिलांच्या मिटिंग्स किंवा महिलांच्या सभा घेतल्या जातात, महिलांच्या बाबतीत जो आपल्याला डिसिजन घ्यायचा असेल त्या ठिकाणी बहुतेक महिलांच्या मिटिंग्स किंवा महिलांच्या सभा घेतल्या जातात
हो मी दिलं होत सर माझं अं एक-दोन मार्कांनी राहिलं प्रत्येकवेळी,हो मी दिलं होत सर माझं एक-दोन मार्कांनी राहिलं प्रत्येकवेळी," मला सांगा, ही service नाही का?"
आमची पहिलीच बॅच होती आणि ते त्यांचं म्हणजे परमिशन भेटलं नव्हतं त्यांना म्हणजे सुरवातीची बॅच होती,आमची पहिलीच बॅच होती परमिशन भेटलं नव्हतं त्यांना म्हणजे सुरवातीची बॅच होती, आमची पहिलीच बॅच होती आणि ते त्यांचं म्हणजे परमिशन भेटलं नव्हतं त्यांना म्हणजे सुरवातीची बॅच होती
समन्स हे आरोपी आणि अं साक्षीदार दोघांच्या नावे काढलं जाऊ शकतं पण वॉरंट हे फक्त आरोपीच्या नावे काढलं जाऊ शकतं,समन्स हे आरोपी आणि साक्षीदार दोघांच्या नावे काढलं जाऊ शकतं पण वॉरंट हे फक्त आरोपीच्या नावे काढलं जाऊ शकतं, समन्स हे आरोपी आणि साक्षीदार दोघांच्या नावे काढलं जाऊ शकतं पण वॉरंट हे फक्त आरोपीच्या नावे काढलं जाऊ शकतं
सर २०१० ते २०११ च्या दरम्यान शहाजी भाऊ एसपी असताना श्री माननीय शहाजी भाऊ एसपी असताना त्यांनी सर हुंडाबळी किंवा बालविवाह ह्या कार्यक्रमात जे कार्यक्रम आखले होते ते मला चांगले आवडले,सर २०१० ते २०११ च्या दरम्यान श्री माननीय शहाजी भाऊ एसपी असताना त्यांनी सर हुंडाबळी किंवा बालविवाह ह्या कार्यक्रमात जे कार्यक्रम आखले होते ते मला चांगले आवडले, २०१० ते २०११ च्या दरम्यान शहाजी भाऊ एसपी असताना त्यांनी सर हुंडाबळी किंवा बालविवाह ह्या कार्यक्रमात जे कार्यक्रम आखले होते ते मला चांगले आवडले
सर आजचा पेपर थोडाफार वाचनात आला त्यानुसार महिले बलात्करापिडित महिलेवर न्यायालयात जाताना जाळण्याचा प्रयत्न केला,सर आजचा पेपर थोडाफार वाचनात आला त्यानुसार बलात्करापिडित महिलेवर न्यायालयात जाताना जाळण्याचा प्रयत्न केला, आजचा पेपर थोडाफार वाचनात आला त्यानुसार महिले बलात्करापिडित महिलेवर न्यायालयात जाताना जाळण्याचा प्रयत्न केला
एखाद्या पोलिसाची नैतिकता वाढवता वाढवता आली पाहिजे सर,एखाद्या पोलिसाची नैतिकता वाढवता आली पाहिजे सर, एखाद्या पोलिसाची नैतिकता वाढवता आली पाहिजे सर
वाचनात असं आलंय बुवा दोन वर्षापर्यंत असेल तर समन्स आणि दोन वर्षापासून जास्त असेल तर वॉरंट,वाचनात असं आलंय दोन वर्षापर्यंत असेल तर समन्स आणि दोन वर्षापासून जास्त असेल तर वॉरंट, दोन वर्षापर्यंत असेल तर समन्स आणि दोन वर्षापासून जास्त असेल तर वॉरंट
नॅशनल नॅशनल गोल्ड मेडलिस्ट आहे,नॅशनल गोल्ड मेडलिस्ट आहे, नॅशनल गोल्ड मेडलिस्ट आहे
तर मला मला इथून माझी छंद किंवा माझी आवड जोपासण्याचे मार्ग आहेत,तर मला इथून माझी छंद किंवा माझी आवड जोपासण्याचे मार्ग आहेत, इथून माझी छंद किंवा माझी आवड जोपासण्याचे मार्ग आहेत
आं मला एक मुद्दा आवर्जून सांगायचा,मला एक मुद्दा आवर्जून सांगायचा, मला एक मुद्दा आवर्जून सांगायचा आहे.
आणि माझ्या जे कामे जी सांगितली जातील ती मी एकाग्र एकाग्रपणे करू शकते,आणि कामे जी सांगितली जातील ती मी एकाग्र एकाग्रपणे करू शकते, मी एकाग्रपणे जे काम सांगितलं जातं ते मी करू शकते.
अं मॅडम महिलांसाठी काम करण्यासाठी वाव आहे,मॅडम महिलांसाठी काम करण्यासाठी वाव आहे, मॅडम महिलांसाठी काम करण्यासाठी वाव आहे
सध्याच्या परिस्थितीत अं महिलांशी रिलेटेड बऱ्याचश्या बाबतीत असंवेदनशील दिसतो समाज,सध्याच्या परिस्थितीत महिलांशी रिलेटेड बऱ्याचश्या बाबतीत असंवेदनशील दिसतो समाज, सध्याच्या परिस्थितीत महिलांशी रिलेटेड बऱ्याचश्या बाबतीत असंवेदनशील दिसतो समाज
ज्या समाजाला किंवा जो काही जो काही वंचित घटक आहे,ज्या समाजाला किंवा जो काही वंचित घटक आहे, ज्या समाजाला किंवा जो काही वंचित घटक आहे
त्याच्यातलं काही काही आठवतात ते मी सांगते,त्याच्यातलं काही आठवतात ते मी सांगते, त्याच्यातलं काही काही आठवतात ते मी सांगते
आणि भारतामध्ये कुठल्या कुठल्याही अं जाण्याचादेखील फ्रिडम त्यात दिलेला आहे,आणि भारतामध्ये कुठल्याही जाण्याचादेखील फ्रिडम त्यात दिलेला आहे, भारतामध्ये कुठल्या कुठल्याही जाण्याचादेखील फ्रिडम त्यात दिलेला आहे
ह्या गोष्टीची गोष्टी टाळण्यासाठी तिथल्या लोकांनी अं समाजाने काम केले पाहिजे सर,ह्या गोष्टी टाळण्यासाठी तिथल्या लोकांनी समाजाने काम केले पाहिजे सर, ह्या गोष्टी टाळण्यासाठी तिथल्या लोकांनी अं समाजाने काम केले पाहिजे सर
तेवढ्या अडचणी सुट सुटतील सर,तेवढ्या अडचणी सुटतील सर, तेवढ्या अडचणी सुटतील सर
१० वे अं शिखाचे १० वे शेवटचे गुरु गोबिंद सिंग आहेत त्यांचा त्यांच्या समाधीवर तख्त हजूर साहिबा हा गुरुद्वार बांधलेला आहे,शिखाचे १० वे शेवटचे गुरु गोबिंद सिंग आहेत त्यांच्या समाधीवर तख्त हजूर साहिबा हा गुरुद्वार बांधलेला आहे, १० वे शिखाचे १० वे शेवटचे गुरु गोबिंद सिंग आहेत त्यांच्या समाधीवर तख्त हजूर साहिबा हा गुरुद्वार बांधलेला आहे
गुरु गोबिंदसिंगांची समाधी आहे त्यांच्यातला कोणता कोणती क्वालिटी कोणता गुण आपण पोलीस प्रशासनामध्ये घेऊ इच्छिता,गुरु गोबिंदसिंगांची समाधी आहे त्यांच्यातला कोणती क्वालिटी कोणता गुण आपण पोलीस प्रशासनामध्ये घेऊ इच्छिता, गुरु गोबिंदसिंगांची समाधी आहे त्यांच्यातला कोणता कोणता गुण आपण पोलीस प्रशासनामध्ये घेऊ इच्छिता?
सर मी काय ह्या गोष्टीचं १०० टक्के सॉल्व करू नाही,सर मी ह्या गोष्टीचं १०० टक्के सॉल्व करू नाही, सर मी काय ह्या गोष्टीचं १०० टक्के सॉल्व करू नाही
अंं पण थोड्याफार प्रमाणात त्याचा फायदा होऊ शकतो,पण थोड्याफार प्रमाणात त्याचा फायदा होऊ शकतो, पण थोड्याफार प्रमाणात त्याचा फायदा होऊ शकतो
सर मी त्या युवतीला आणि तिच्या प्र पहिल्या नवऱ्याला दोघांना बोलवून घेईन,सर मी त्या युवतीला आणि तिच्या पहिल्या नवऱ्याला दोघांना बोलवून घेईन, सर मी त्या युवतीला आणि तिच्या प्र पहिल्या नवऱ्याला दोघांना बोलवून घेईन
आणि दोघांना सूच सूचना करेन की किंवा सांग समजावण्याचा पहिला प्रयत्न करेन,आणि दोघांना सूचना करेन किंवा समजावण्याचा पहिला प्रयत्न करेन, आणि दोघांना सूच सूचना करेन की किंवा सांग समजावण्याचा पहिला प्रयत्न करेन
त्या यानंतरसुद्धा त्यांनी ऐकलं नाही तर मी त्यांना अं युवतीला आणि तुम्हांला सांगेन कोर्टाथ्रु तुमचा डिवोर्स पूर्ण करा,यानंतरसुद्धा त्यांनी ऐकलं नाही तर मी युवतीला आणि तुम्हांला सांगेन कोर्टाथ्रु तुमचा डिवोर्स पूर्ण करा, यानंतरसुद्धा त्यांनी ऐकलं नाही तर मी त्यांना अं युवतीला आणि तुम्हांला सांगेन कोर्टाथ्रु तुमचा डिवोर्स पूर्ण करा
ती ज्या राज्यांमध्ये एम्पिलमेंट झाली आहे तिथे त्याला खूप अं लोकांनी लोकांचा रोष खूप व्यक्त होतोय,ती ज्या राज्यांमध्ये एम्पिलमेंट झाली आहे तिथे त्याला खूप लोकांचा रोष खूप व्यक्त होतोय, लोकांचा रोष खूप व्यक्त होतोय
त्यामुळे सामान्य जनतेमधून त्याला खूप रोष रोषाला सामोरं जावं लागतयं,त्यामुळे सामान्य जनतेमधून त्याला खूप रोषाला सामोरं जावं लागतयं, त्यामुळे सामान्य जनतेमधून त्याला खूप रोषाला सामोरं जावं लागतयं
जीएसटीलापण व्यापाऱ्यांकडून अं तक्रारी येताहेत सर,जीएसटीलापण व्यापाऱ्यांकडून तक्रारी येताहेत सर, जीएसटीलापण व्यापाऱ्यांकडून तक्रारी येताहेत सर
तर तिथे त्यांचे प्रॉब्लम्स काय आहेत आधी त्यांना काऊंटर करायला पाहिजे तर आणि त्यानंतर आपल्या भारतात मोठा सेक्शन आहे तो शेतीवर अवलंबून आहे,तर तिथे त्यांचे प्रॉब्लम्स काय आहेत आधी त्यांना काऊंटर करायला पाहिजे आणि त्यानंतर आपल्या भारतात मोठा सेक्शन आहे तो शेतीवर अवलंबून आहे, त्यांचे प्रॉब्लम्स काय आहेत आधी त्यांना काऊंटर करायला पाहिजे तर आणि त्यानंतर आपल्या भारतात मोठा सेक्शन आहे तो शेतीवर अवलंबून आहे
सर ही म्हणजे एक्च्युली मंदी नाही पण मंदी सदृश परिस्थिती निर्माण झाली आहे,सर ही एक्च्युली मंदी नाही पण मंदी सदृश परिस्थिती निर्माण झाली आहे, ही म्हणजे एक्च्युली मंदी नाही पण मंदी सदृश परिस्थिती निर्माण झाली आहे
त्यांनी त्यांची पात्रता न व्हेरिफाय न करता त्यांना लोन दिले गेलेत,त्यांनी त्यांची पात्रता व्हेरिफाय न करता त्यांना लोन दिले गेलेत, त्यांची पात्रता व्हेरिफाय न करता त्यांना लोन दिले गेलेत
त्यामुळे त्या बँकेवर हे संकट ओढ ओढवलं सर,त्यामुळे त्या बँकेवर हे संकट ओढवलं सर, त्यामुळे त्या बँकेवर हे संकट ओढवलं सर
सर सिझर्व बँक इंडिया जे त्यांच्याकडे जे पावर्स आहेत,सर सिझर्व बँक इंडिया जे त्यांच्याकडे पावर्स आहेत, सर सिझर्व बँक इंडिया जे त्यांच्याकडे जे पावर्स आहेत
सर की सिया अं बँकांना रेपोरेट त्यानंतर रिवर्स रेपोरेट ह्यामध्ये काही बदल करून बँकांचे बँका ज्या म लोकांना किंवा उद्याोगधंद्यांना जे कर्ज देतात ते स स्वस्त करू शकते,सर बँकांना रेपोरेट त्यानंतर रिवर्स रेपोरेट ह्यामध्ये काही बदल करून बँका ज्या लोकांना किंवा उद्याोगधंद्यांना जे कर्ज देतात ते स्वस्त करू शकते, सर की सिया बँकांना रेपोरेट त्यानंतर रिवर्स रेपोरेट ह्यामध्ये काही बदल करून बँकांचे बँका ज्या म लोकांना किंवा उद्याोगधंद्यांना जे कर्ज देतात ते स स्वस्त करू शकते
सरकारी बँकांवर अं एक राजकीय ते प्रेशरपण असतं सर,सरकारी बँकांवर एक राजकीय ते प्रेशरपण असतं सर, सरकारी बँकांवर एक राजकीय प्रेशरपण असतं सर
एकोणीशे एक्क्याण्णवला जी मंदी आली ती कशी थांबवली आणि एको दोन हजार एकोणीसची मंदी आहे ती कशी थांबवायला पाहिजे,एकोणीशे एक्क्याण्णवला जी मंदी आली ती कशी थांबवली आणि दोन हजार एकोणीसची मंदी आहे ती कशी थांबवायला पाहिजे, एकोणीशे एक्क्याण्णवला जी मंदी आली ती कशी थांबवली आणि एकोणीस दोन हजार एकोणीसची मंदी आहे ती कशी थांबवायला पाहिजे
आणि जेव्हा आयआयटीमध्येपण मुले जातात तीपण म्हणजे त्यातलीपण खूप सारी अं गरीब परिस्थितीतून गेलेली असतात,आणि जेव्हा आयआयटीमध्येपण मुले जातात त्यातलीपण खूप सारी गरीब परिस्थितीतून गेलेली असतात, आयआयटीमध्येपण मुले जातात तीपण म्हणजे त्यातलीपण खूप सारी अं गरीब परिस्थितीतून गेलेली असतात
त्यांना जर गव्हरमेंट फं फंडींग जर करत असेल तर ते देशाच्या विकासासाठी निश्चितच हातभार लावू शकतात सर,त्यांना जर गव्हरमेंट फंडींग करत असेल तर ते देशाच्या विकासासाठी निश्चितच हातभार लावू शकतात सर, त्यांना जर गव्हरमेंट फं फंडींग जर करत असेल तर ते देशाच्या विकासासाठी निश्चितच हातभार लावू शकतात सर
सर स सध्या मी ज्या पदावर काम करतोय तिथे मी हेच शिकतोय,सर सध्या मी ज्या पदावर काम करतोय तिथे मी हेच शिकतोय, सध्या मी ज्या पदावर काम करतोय तिथे मी हेच शिकतोय
मी समोर समोरच्यावर त्याचं जे आहे त्याचं बोलणं किंवा पडताळणी करूनच त्याच्यावर विश्वास ठेवायचाय ह्या बाबीवर मी सुधारणा करतोय,मी समोरच्यावर त्याचं बोलणं किंवा पडताळणी करूनच त्याच्यावर विश्वास ठेवायचाय ह्या बाबीवर मी सुधारणा करतोय, मी समोरच्यावर त्याचं जे आहे त्याचं बोलणं किंवा पडताळणी करूनच त्याच्यावर विश्वास ठेवायचाय ह्या बाबीवर मी सुधारणा करतोय
अं नाही सर,नाही सर, नाही सर
त्यांनी डिपार्टमेंट डिपार्टमेंटथ्रुच काम खूप वाढवलंय,त्यांनी डिपार्टमेंटथ्रुच काम खूप वाढवलंय, त्यांनी डिपार्टमेंटथ्रुच काम खूप वाढवलंय
सर आज आजपर्यंत जी तरतूद ऐकली आहे की जर तुम्ही जॉईनिंग किंवा ट्रेनिंग घेतलं तर तुम्हांला तितकी रक्कम भरावी लागते किंवा कम्पनसेशन म्हणून काही तरतूद असेल तर त्या अनुषंगाने तुम्हांला रिलिव करतात,सर आजपर्यंत जी तरतूद ऐकली आहे की जर तुम्ही जॉईनिंग किंवा ट्रेनिंग घेतलं तर तुम्हांला तितकी रक्कम भरावी लागते किंवा कम्पनसेशन म्हणून काही तरतूद असेल तर त्या अनुषंगाने तुम्हांला रिलिव करतात, आजपर्यंत जी तरतूद ऐकली आहे की जर तुम्ही जॉईनिंग किंवा ट्रेनिंग घेतलं तर तुम्हांला तितकी रक्कम भरावी लागते किंवा कम्पनसेशन म्हणून काही तरतूद असेल तर त्या अनुषंगाने तुम्हांला रिलिव करतात
बऱ्याचवेळा ते अं जीवनाचे व्यंग सांगत असताना ते मर्यादा सांभाळत असतात,बऱ्याचवेळा ते जीवनाचे व्यंग सांगत असताना ते मर्यादा सांभाळत असतात, ते बऱ्याचवेळा ते जीवनाचे व्यंग सांगत असताना ते मर्यादा सांभाळत असतात
३१ मे ही नियोजित वेव वेळ होती किंवा तारीख होती तर त्यादिवशी संबंध महाराष्ट्र किंवा सॉरी संबंध भारतभर एकच उठाव झाला असता,३१ मे ही नियोजित वेळ होती किंवा तारीख होती तर त्यादिवशी संबंध भारतभर एकच उठाव झाला असता, ३१ मे ही नियोजित वेळ होती किंवा तारीख होती तर त्यादिवशी संबंध महाराष्ट्र किंवा सॉरी संबंध भारतभर एकच उठाव झाला असता
त्याचा अधिक अं योग्य परिणाम झाला असता असं मला वाटतं,त्याचा अधिक योग्य परिणाम झाला असता असं मला वाटतं, त्याचा अधिक योग्य परिणाम झाला असता असं मला वाटतं
येथील जनतेच्या समस्या किंवा काही खदखद अंतर्गत खदखद आहे किंवा असंतोष आहे,येथील जनतेच्या समस्या किंवा काही अंतर्गत खदखद आहे किंवा असंतोष आहे, येथील जनतेच्या समस्या किंवा काही खदखद अंतर्गत खदखद आहे किंवा असंतोष आहे
सर चंद्रपूर जिल्ह्याची संस्कृती एक म्हणजे एक गोंड राजाचा अं इतिहास आहे,सर चंद्रपूर जिल्ह्याची संस्कृती म्हणजे एक गोंड राजाचा इतिहास आहे, चंद्रपूर जिल्ह्याची संस्कृती एक म्हणजे एक गोंड राजाचा इतिहास आहे
आदिवासी संस्कृती म्ह म्हटलं जातं त्याला,आदिवासी संस्कृती म्हटलं जातं त्याला, आदिवासी संस्कृती म्हटलं जातं त्याला
त्याने आपल्या काळामध्ये म्हणजे माणिक गडचा किल्ला बांधला होता,त्याने आपल्या काळामध्ये माणिक गडचा किल्ला बांधला होता, त्याने आपल्या काळामध्ये म्हणजे माणिक गडचा किल्ला बांधला होता
जसे की आजकाल घटना एॅ ऐकली जाते,जसे की आजकाल घटना ऐकली जाते, आजकाल घटना एॅ ऐकली जाते
बल बलात्काराच्या केसेस किंवा स्त्रियांवर अत्याचार होत असतात घरगुती हिंसाचार वगैरे,बलात्काराच्या केसेस किंवा स्त्रियांवर अत्याचार होत असतात घरगुती हिंसाचार वगैरे, बलात्काराच्या केसेस किंवा स्त्रियांवर अत्याचार होत असतात घरगुती हिंसाचार वगैरे
लोकांची पण मागणी होती अं दारूबंदी करण्यात यावी,लोकांची पण मागणी होती दारूबंदी करण्यात यावी, लोकांची पण मागणी होती अं दारूबंदी करण्यात यावी
त्यानंतर असं दिसलं की खूप अवैधरित्या दारू म्हणजे चंद्रपूर जिल्ह्यामध्ये सुरू आहे,त्यानंतर असं दिसलं की खूप अवैधरित्या दारू चंद्रपूर जिल्ह्यामध्ये सुरू आहे, त्यानंतर असं दिसलं की खूप अवैधरित्या दारू म्हणजे चंद्रपूर जिल्ह्यामध्ये सुरू आहे
सर मी म्हणजे त्याला विरोध करणार,सर मी त्याला विरोध करणार, सर मी म्हणजे त्याला विरोध करणार
सध्या किती प्रगत प्रगत आहे ओबीसी,सध्या किती प्रगत आहे ओबीसी, सध्या किती प्रगत आहे ओबीसी
आपली इन्फोरमेशन आर क्रिमिनलला भेटली नाही पाहिजे न त्यांची इन्फोरमेशन आपल्याला भेटली पाहिजे इतकं शिकलो,आपली इन्फोरमेशन क्रिमिनलला भेटली नाही पाहिजे न त्यांची इन्फोरमेशन आपल्याला भेटली पाहिजे इतकं शिकलो, आपली इन्फोरमेशन क्रिमिनलला भेटली नाही पाहिजे न त्यांची इन्फोरमेशन आपल्याला भेटली पाहिजे इतकं शिकलो
तो एक व्यक्ती ज्या डिपार्टमेंटमध्ये कोणत्या डिपार्टमेंटमध्ये काम करत असेल आणि दुसऱ्या डिपार्टमेंटला त्याच्या अधिकारामध्ये ते अवैध वा वाटलं तर तो कारवाई करू शकतो सर,तो एक व्यक्ती कोणत्या डिपार्टमेंटमध्ये काम करत असेल आणि दुसऱ्या डिपार्टमेंटला त्याच्या अधिकारामध्ये ते अवैध वाटलं तर तो कारवाई करू शकतो सर, तो एक व्यक्ती ज्या डिपार्टमेंटमध्ये कोणत्या डिपार्टमेंटमध्ये काम करत असेल आणि दुसऱ्या डिपार्टमेंटला त्याच्या अधिकारामध्ये ते अवैध वाटलं तर तो कारवाई करू शकतो सर
आणि प पोस्ट ग्रॅज्युएशनसाठी मी सावित्रीबाई फुले विद्यापीठात अर्थशास्त्र विभागातून पोस्ट ग्रॅज्युएशन कम्प्लिट केलं,आणि मी सावित्रीबाई फुले विद्यापीठात अर्थशास्त्र विभागातून पोस्ट ग्रॅज्युएशन कम्प्लिट केलं, मी सावित्रीबाई फुले विद्यापीठात अर्थशास्त्र विभागातून पोस्ट ग्रॅज्युएशन कम्प्लिट केलं.
मला असं वाटतं महिलांना महिलांच्या प्रॉब्लम ऑपस्टॅकलबद्दलच जास्त बोललं जातं,मला असं वाटतं महिलांच्या प्रॉब्लम ऑपस्टॅकलबद्दलच जास्त बोललं जातं, मला असं वाटतं महिलांना महिलांच्या प्रॉब्लम ऑपस्टॅकलबद्दलच जास्त बोललं जातं
ते गुन्हे फक्त गुन्ह्यांकडे न पाहता त्यांना गुन्ह्यां ऑपर्चुनिटीकडे वळवलं तर नक्कीच ह्याचा कुठेतरी ह्याचा ह्या गुन्ह्यांचे प्रमाण कमी होऊ शकतं,ते फक्त गुन्ह्यांकडे न पाहता त्यांना ऑपर्चुनिटीकडे वळवलं तर नक्कीच ह्याचा कुठेतरी ह्या गुन्ह्यांचे प्रमाण कमी होऊ शकतं, ते गुन्हे फक्त गुन्ह्यांकडे न पाहता त्यांना गुन्ह्यां ऑपर्चुनिटीकडे वळवलं तर नक्कीच ह्याचा ह्या गुन्ह्यांचे प्रमाण कमी होऊ शकतं
सर आं राजकीय इश्श्यू जास्तहेत असं वाटतं मला,सर राजकीय इश्श्यू जास्तहेत असं वाटतं मला, राजकीय इश्श्यू जास्तहेत असं वाटतं मला
कामगार न्यायालयाने सांगितलं होतं की संप करू नये आधी आधीच्या ह्याच्यामध्ये तेव्हा तरी संप चालू आहे,कामगार न्यायालयाने सांगितलं होतं की संप करू नये आधीच्या ह्याच्यामध्ये तरी संप चालू आहे, कामगार न्यायालयाने सांगितलं होतं की संप करू नये आधी आधीच्या ह्याच्यामध्ये तेव्हा तरी संप चालू आहे
कामगार न्यायाने न्यायालयाने की उच्च न्यायालयाने,कामगार न्यायालयाने की उच्च न्यायालयाने, उच्च न्यायालयाने
त्यामुळे ते त्या अशावेळी इन्टरफेअर करू शकतो,त्यामुळे ते अशावेळी इन्टरफेअर करू शकतो, त्यामुळे ते त्या अशावेळी इन्टरफेअर करू शकतो
पोलीस मित्र मित्र असतात नेमलेले,पोलीस मित्र असतात नेमलेले, पोलीस मित्र असतात नेमलेले
सुवर्णा सुवर्णा नाव आहे,सुवर्णा नाव आहे, सुवर्णा नाव आहे
ज्यातून जिल्ह्यातील किंवा जिल्ह्यातील किंवा तालुक्यातील प्रत्येक साबरवरती सायबर कक्षाच्या माध्यमातून नियंत्रण ठेवले पाहिजे,ज्यातून जिल्ह्यातील किंवा तालुक्यातील प्रत्येक साबरवरती सायबर कक्षाच्या माध्यमातून नियंत्रण ठेवले पाहिजे, ज्यातून जिल्ह्यातील किंवा तालुक्यातील प्रत्येक साबरवरती सायबर कक्षाच्या माध्यमातून नियंत्रण ठेवले पाहिजे
आणि त्या अशा साईटला वॉर्न केलं पाहिजे,आणि अशा साईटला वॉर्न केलं पाहिजे, अशा साईटला वॉर्न केलं पाहिजे
एक राजा असतो राजाच्या वध झाला असतो आणि त्याचा मुलगा त्याचा ब एक बदला घेतो,एक राजा असतो राजाच्या वध झाला असतो आणि त्याचा मुलगा एक बदला घेतो, एक राजा असतो राजाच्या वध झाला असतो आणि त्याचा मुलगा त्याचा बदला घेतो
वडील आत्ताच निवृत्त झालेत म म एसटी महामंडळामधून,वडील आत्ताच निवृत्त झालेत एसटी महामंडळामधून, वडील आत्ताच निवृत्त झालेत म एसटी महामंडळामधून
सर फायदा हा होईल की अं अं एसटी महामंडळाला जे अनुदान मागायचं राहतं अं सरकारकडून ते राहणार नाही डायरेक्ट त्यांना सरकारकडून भेटून जाईल,सर फायदा हा होईल की एसटी महामंडळाला जे अनुदान मागायचं राहतं सरकारकडून ते राहणार नाही डायरेक्ट त्यांना सरकारकडून भेटून जाईल, सर फायदा हा होईल की अं एसटी महामंडळाला जे अनुदान मागायचं राहतं अं सरकारकडून ते राहणार नाही डायरेक्ट त्यांना सरकारकडून भेटून जाईल
जेलमध्ये काही गुन्हेगार असतात निर्ढावलेले गुन्हेगार असतात मग त्यांना हं त्यांना बोलतं करण्यासाठी पोलिसांना रिमांडोहोममध्ये त्यांना मारहाण करावी लागते,जेलमध्ये काही गुन्हेगार असतात निर्ढावलेले गुन्हेगार असतात मग त्यांना बोलतं करण्यासाठी पोलिसांना रिमांडोहोममध्ये त्यांना मारहाण करावी लागते, जेलमध्ये काही गुन्हेगार असतात निर्ढावलेले गुन्हेगार असतात मग त्यांना बोलतं करण्यासाठी पोलिसांना रिमांडोहोममध्ये त्यांना मारहाण करावी लागते
तुमच्यात तुम्हाला PSI पदी आम्ही निवडणूक नेमणूक करावं असं तुम्हाला वाटतं,तुम्हाला PSI पदी आम्ही नेमणूक करावं असं तुम्हाला वाटतं, तुम्हाला PSI पदी आम्ही निवडणूक करावं असं तुम्हाला वाटतं का?
तुमच्यात अशी काय क्वालिटीज आहे की पॅनलने तुमची निवड का करावी असं तुम्हाला वाटतं,तुमच्यात अशी काय क्वालिटीज आहे की पॅनलने तुमची निवड करावी असं तुम्हाला वाटतं, तुमच्यात अशी काय क्वालिटीज आहे की पॅनलने तुमची निवड का करावी असं तुम्हाला वाटतं?
तुम्ही जर कुटुंबाचा आधार गेला तर त्या कुटुंबावर फार मोठं संकट ओव ओढवलं जातं,जर कुटुंबाचा आधार गेला तर त्या कुटुंबावर फार मोठं संकट ओढवलं जातं, तुम्ही जर कुटुंबाचा आधार गेला तर त्या कुटुंबावर फार मोठं संकट ओढवलं जातं
कारण भांडवलासाठीच कर्ज मागतात आणि दुसरी एक गोष्ट असते मला वाटतं त्यांचे घरचे जे सा समारंभ असतात त्यासाठीपण शेतकऱ्यांना मोठ्या प्रमाणात कर्ज घ्यावं लागतं,कारण भांडवलासाठीच कर्ज मागतात आणि दुसरी एक गोष्ट असते मला वाटतं त्यांचे घरचे जे समारंभ असतात त्यासाठीपण शेतकऱ्यांना मोठ्या प्रमाणात कर्ज घ्यावं लागतं, कारण भांडवलासाठीच कर्ज मागतात आणि दुसरी एक गोष्ट असते मला वाटतं त्यांचे घरचे जे सा समारंभ असतात त्यासाठीपण शेतकऱ्यांना मोठ्या प्रमाणात कर्ज घ्यावं लागतं
पोलीस प्रशासनामध्येपण आपण बघतो की महिलांना म्हणजे हवे तितक्या प्रमाणात महिला पोलीस प्रशासनामध्येपण नाहीहेत,पोलीस प्रशासनामध्येपण आपण बघतो की हवे तितक्या प्रमाणात महिला पोलीस प्रशासनामध्येपण नाहीहेत, पोलीस प्रशासनामध्येपण आपण बघतो की महिलांना म्हणजे हवे तितक्या प्रमाणात महिला पोलीस प्रशासनामध्येपण नाहीहेत
आणि लाल निळी कलरची फीत आणि मा मपो लिहिलेलं असतं आणि दोन स्टार्सस असतात,आणि लाल निळी कलरची फीत आणि मपो लिहिलेलं असतं आणि दोन स्टार्सस असतात, लाल निळी कलरची फीत आणि मा मपो लिहिलेलं असतं आणि दोन स्टार्सस असतात
सर त्या ए तो एरियाचा विचार करून हे केलं पाहिजे,सर त्या एरियाचा विचार करून हे केलं पाहिजे, सर त्या एरियाचा विचार करून हे केलं पाहिजे
जर एरिया वगैरे हे असेल तर पोलि PSI च्या म्हणजे अंडर येणार असेल तर पोलीस स्टेशन डायरेक्ट दिलं तरी चालू शकतं,जर एरिया वगैरे हे असेल तर PSI च्या अंडर येणार असेल तर पोलीस स्टेशन डायरेक्ट दिलं तरी चालू शकतं, जर एरिया वगैरे हे असेल तर पोलि PSI च्या म्हणजे अंडर येणार असेल तर पोलीस स्टेशन डायरेक्ट दिलं तरी चालू शकतं
जे पांढरा पट्टा जे पायी चालणारे अं पादचारी आहेत त्यांना सिग्नल अं स्टॉप झाल्यानंतर त्यांना जाण्यासाठी तो पट्टा असतो,जे पायी चालणारे पादचारी आहेत त्यांना सिग्नल स्टॉप झाल्यानंतर जाण्यासाठी तो पट्टा असतो, जे पांढरा पट्टा जे पायी चालणारे अं पादचारी आहेत त्यांना सिग्नल अं स्टॉप झाल्यानंतर त्यांना जाण्यासाठी तो पट्टा असतो
सर आपण सुपर बारामध्ये त्रेस तिसऱ्या स्थानात बी गटात राहिलोय,सर आपण सुपर बारामध्ये तिसऱ्या स्थानात बी गटात राहिलोय, सर आपण सुपर बारामध्ये तिसऱ्या स्थानात बी गटात राहिलोय
मी माध्यमिक माध्यमिक शिक्षणसुद्धा कुरखेड्या कुरखेड्या शिवाजी हायस्कूल कुरखेड्यामधून दिलंय,मी माध्यमिक शिक्षणसुद्धा कुरखेड्या शिवाजी हायस्कूल कुरखेड्यामधून दिलंय, मी माध्यमिक शिक्षणसुद्धा कुरखेड्या शिवाजी हायस्कूल कुरखेड्यामधून दिलंय
ह्या क्षेत्रामध्ये येऊन माझ्या माझ्या जे कोणी लोकं कॉन्टॅक्टमध्ये आहेत ज्यांना असं वाटतं की नाही गडचिरोली खूप मागासवर्गीय जिल्हा आहे तर हे मी त्यांचा विचार कमी करू शकते,ह्या क्षेत्रामध्ये येऊन माझ्या जे कोणी लोकं कॉन्टॅक्टमध्ये आहेत ज्यांना असं वाटतं की गडचिरोली खूप मागासवर्गीय जिल्हा आहे तर हे मी त्यांचा विचार कमी करू शकते, ह्या क्षेत्रामध्ये येऊन माझ्या जे कोणी लोकं कॉन्टॅक्टमध्ये आहेत ज्यांना असं वाटतं की नाही गडचिरोली खूप मागासवर्गीय जिल्हा आहे तर हे मी त्यांचा विचार कमी करू शकते
हे काहीच लोकं असतात जे क्रांतिकारी संघटनेच्या नावावर आदिवासींना भडकवतात आणि त्यांना नक्षलवाद्यांकडे प्र प्रभावित करतात,हे काहीच लोकं असतात जे क्रांतिकारी संघटनेच्या नावावर आदिवासींना भडकवतात आणि त्यांना नक्षलवाद्यांकडे प्रभावित करतात, हे काहीच लोकं असतात जे क्रांतिकारी संघटनेच्या नावावर आदिवासींना भडकवतात आणि त्यांना नक्षलवाद्यांकडे प्र प्रभावित करतात
हो ते त्यांच्या ऑफिसमध्ये जाऊन अं दोन माणसांनी त्यांची ऑफिसमध्ये जाऊन हत्या केली होती,हो ते त्यांच्या ऑफिसमध्ये जाऊन दोन माणसांनी त्यांची हत्या केली होती, दोन माणसांनी त्यांची ऑफिसमध्ये जाऊन हत्या केली होती
काही भा काही ग्रामीण भागात बघितलं तर,काही ग्रामीण भागात बघितलं तर, काही ग्रामीण भागात बघितलं तर
शासकीय विभाग जे आहे त्याच्यामध्ये महिलां वर साठी जी कमिटी ठेवली आहे,शासकीय विभाग जे आहे त्याच्यामध्ये महिलां साठी जी कमिटी ठेवली आहे, महिलां वर साठी जी कमिटी ठेवली आहे
पण माझ्यावर अत्याचार झालेला आहे मी बळी झाली पडलेली आहे,पण माझ्यावर अत्याचार झालेला आहे मी बळी पडलेली आहे, पण माझ्यावर अत्याचार झालेला आहे मी बळी झाली पडलेली आहे
खनिज सं समृद्धी आहे चंद्रपूरमध्ये,खनिज समृद्धी आहे चंद्रपूरमध्ये, खनिज सं समृद्धी आहे चंद्रपूरमध्ये
आणि कोळसा असल्या उपलब्ध असल्यामुळे तिथे जे कारखाने फार जास्त आहेत,आणि कोळसा उपलब्ध असल्यामुळे तिथे जे कारखाने फार जास्त आहेत, कोळसा उपलब्ध असल्यामुळे तिथे जे कारखाने फार जास्त आहेत
सर १९४२ चा जो अं लढा झाला त्याच्यामध्ये अं चिमूर येथे काही संघटनांनी निशस्त्रपणे निषेध करण्याचा प्रयत्न केला,सर १९४२ चा जो लढा झाला त्याच्यामध्ये चिमूर येथे काही संघटनांनी निशस्त्रपणे निषेध करण्याचा प्रयत्न केला, १९४२ चा जो अं लढा झाला त्याच्यामध्ये अं चिमूर येथे काही संघटनांनी निशस्त्रपणे निषेध करण्याचा प्रयत्न केला
सर डारेक्टली तर काही पोलीस प्रशासनामध्ये मॅकेनिकल इंजिनिअरींगचा फायदा होत होईल असं वाट होणार नाही,सर डारेक्टली तर काही पोलीस प्रशासनामध्ये मॅकेनिकल इंजिनिअरींगचा फायदा होईल असं होणार नाही," सर, पोलीस प्रशासनामध्ये मॅकेनिकल इंजिनिअरींगचा फायदा होत होईल असं वाटत नाही."
अं बीसीएसमध्ये पदवी झाली आहे माझी,बीसीएसमध्ये पदवी झाली आहे माझी, माझी बीसीएसमध्ये पदवी झाली आहे.
संस्कृत भाषेला अं खूप मोठ्या अं प्रमाणात ऐतिहासिक पार्श्वभूमी लाभली आहे,संस्कृत भाषेला खूप मोठ्या प्रमाणात ऐतिहासिक पार्श्वभूमी लाभली आहे, संस्कृत भाषेला खूप मोठ्या प्रमाणात ऐतिहासिक पार्श्वभूमी लाभली आहे
धार्मिक कार्याचा विचार करायचा झालं तर दे म्हणजे देवाधिकांपासून संस्कृत भाषेचा म्हणजे वापर केला जात होता,धार्मिक कार्याचा विचार करायचा झालं तर देवाधिकांपासून संस्कृत भाषेचा वापर केला जात होता, धार्मिक कार्याचा विचार करायचा झाला तर दे म्हणजे देवाधिकांपासून संस्कृत भाषेचा वापर केला जात होता
जी कोल्हाटी समाजातील मुलं असतात त्यांची एक आश्रमशाळा आहे बीड जिल्ह्यामध्ये त्यांना आम्ही दर दर मे महिन्याच्या सुट्टीत इकडे घेऊन यायचो आणि त्यांच्यासाठी वेगवेगळ्या कार्यशाळा आयोजित करायचो,जी कोल्हाटी समाजातील मुलं असतात त्यांची एक आश्रमशाळा आहे बीड जिल्ह्यामध्ये त्यांना आम्ही दर मे महिन्याच्या सुट्टीत इकडे घेऊन यायचो आणि त्यांच्यासाठी वेगवेगळ्या कार्यशाळा आयोजित करायचो, जी कोल्हाटी समाजातील मुलं असतात त्यांची एक आश्रमशाळा आहे बीड जिल्ह्यामध्ये त्यांना आम्ही दर दर मे महिन्याच्या सुट्टीत इकडे घेऊन यायचो आणि त्यांच्यासाठी वेगवेगळ्या कार्यशाळा आयोजित करायचो
त्यांच्या जर त्यांचे जे कौशल्य असतील ते विकसित करण्यासाठी अं म्हणजे त्यांना करिअरविषयक गायडन्स करायचो,त्यांचे जे कौशल्य असतील ते विकसित करण्यासाठी म्हणजे त्यांना करिअरविषयक गायडन्स करायचो, त्यांना करिअरविषयक गायडन्स करायचो
समोरच्याचं काही वाईट वाईट होतंय आपल्याला त्याची मदत केली पाहिजे,समोरच्याचं काही वाईट होतंय आपल्याला त्याची मदत केली पाहिजे, समोरच्याचं काही वाईट वाईट होतंय आपल्याला त्याची मदत केली पाहिजे
ही भावना माझ्या मनामध्ये त्यापासून त्यावेळेपासून निर्माण व्हायला लागली,ही भावना माझ्या मनामध्ये त्यावेळेपासून निर्माण व्हायला लागली, ही भावना माझ्या मनामध्ये त्यावेळेपासून निर्माण व्हायला लागली
नंतर मी त्याबद्दल विचार विचार करत बसते,नंतर मी त्याबद्दल विचार करत बसते, नंतर मी त्याबद्दल विचार विचार करत बसते.
तुम्ही जर ग्रुपने ट्रेकिंग करत असाल तर सगळ्यांना घेऊन अं सोबत चालणं असेल किंवा काय त्याच्यामुळे तुमचं टिमवर्क करण्याची एबिलिटीपण वाढते,तुम्ही जर ग्रुपने ट्रेकिंग करत असाल तर सगळ्यांना घेऊन सोबत चालणं असेल त्याच्यामुळे तुमचं टिमवर्क करण्याची एबिलिटीपण वाढते, तुम्ही जर ग्रुपने ट्रेकिंग करत असाल तर सगळ्यांना घेऊन अं सोबत चालणं असेल किंवा काय त्याच्यामुळे तुमचं टिमवर्क करण्याची एबिलिटीपण वाढते
वाढत्या आं तरुण व्यसनाधीनतेचे प्रमाण वाढत चाललंय,वाढत्या तरुण व्यसनाधीनतेचे प्रमाण वाढत चाललंय, तरुण व्यसनाधीनतेचे प्रमाण वाढत चाललंय
त्याचबरोबर इथं लोकस साक्षरता मानावी तितकी कमी आहे,त्याचबरोबर इथं साक्षरता मानावी तितकी कमी आहे, त्याचबरोबर इथं लोकस साक्षरता मानावी तितकी कमी आहे
पंचवीस परसेंट महाराष्ट्राची पंचवीस टक्के गरज विद्युत गरज म्हणायचंय भागवायचं कार्य औष्णिक विद्युत करत असतं,महाराष्ट्राची पंचवीस टक्के विद्युत गरज भागवायचं कार्य औष्णिक विद्युत करत असतं, महाराष्ट्राची पंचवीस टक्के गरज विद्युत गरज म्हणायचंय भागवायचं कार्य औष्णिक विद्युत करत असतं
आता परम परमितसिंग माहित आहे का तुम्हांला,आता परमितसिंग माहित आहे का तुम्हांला, परम परमितसिंग माहित आहे का तुम्हांला?
कारमध्ये अधिकारी होता काहीतरी अशा इम्या इमेजेस वगैरे झळकत होत्या,कारमध्ये अधिकारी होता काहीतरी अशा इमेजेस वगैरे झळकत होत्या, कारमध्ये अधिकारी होता काहीतरी अशा इम्या इमेजेस वगैरे झळकत होत्या
सर ते का जर पुराव्यानिशी जर का त्याने सिद्ध होत असेल की ते गुन्हा गुन्हा करत आहेत तसल्या तशाप्रकारचे आरोपम सॉरी गुन्हा करत आहे तर निश्चितच असं करणं योग्य नाही असं मला वाटतं,सर पुराव्यानिशी जर का त्याने सिद्ध होत असेल की ते गुन्हा करत आहेत तशाप्रकारचे गुन्हा करत आहे तर निश्चितच असं करणं योग्य नाही असं मला वाटतं," सर, जर पुराव्यानिशी जर का त्याने सिद्ध होत असेल की ते गुन्हा करत आहेत तसल्या तशाप्रकारचे आरोपम सॉरी गुन्हा करत आहे तर निश्चितच असं करणं योग्य नाही असं मला वाटतं"
नंतर मी त्याबद्दल विचार विचार करत बसते,नंतर मी त्याबद्दल विचार करत बसते, नंतर मी त्याबद्दल विचार विचार करत बसते.
सध्या आपली आपल्या पोलीस प्रशासा पोलीस प्रशासनामध्ये आपण सीसीटीएनएस टेक्नोलॉजी युज करतो,सध्या आपल्या पोलीस प्रशासनामध्ये आपण सीसीटीएनएस टेक्नोलॉजी युज करतो, सध्या आपल्या पोलीस प्रशासनामध्ये आपण सीसीटीएनएस टेक्नोलॉजी युज करतो
ह्या तिघं प्रकारात तलवार ही वेगवेगळ्या प्र पद्धतीची असते,ह्या तिघं प्रकारात तलवार ही वेगवेगळ्या पद्धतीची असते, ह्या तिघं प्रकारात तलवार ही वेगवेगळ्या प्र पद्धतीची असते
सर जी आपली दक्षता समिती आहे तर त्या त्या हँडल करतात,सर जी आपली दक्षता समिती आहे त्या हँडल करतात, सर जी आपली दक्षता समिती आहे तर त्या त्या हँडल करतात
ह्याच्यावर सुप्रिम कोर्टने एक न्यायनिवाडा दिलाय तो नेम नेमका कोणता,ह्याच्यावर सुप्रिम कोर्टने एक न्यायनिवाडा दिलाय तो नेमका कोणता, नेम नेमका कोणता
तुम्ही म्हणता महिलांनी रात नाईट ड्युटी स्वीकारली पाहिजे,तुम्ही म्हणता महिलांनी नाईट ड्युटी स्वीकारली पाहिजे, तुम्ही म्हणता महिलांनी रात नाईट ड्युटी स्वीकारली पाहिजे
माझे प्राथम प्राथमिक शिक्षण देवठाणे येथील प्राथमिक शाळेमध्ये झाले आहे,माझे प्राथमिक शिक्षण देवठाणे येथील प्राथमिक शाळेमध्ये झाले आहे, माझे प्राथमिक शिक्षण देवठाणे येथील प्राथमिक शाळेमध्ये झाले आहे.
बी-फार्म आणि एम-फार्म करत असताना माझा व्यक्तिमत्त्व विकासाचा जो व्यक्तिमत्त्वाचा जो विकास झाला आहे त्याच्यामध्ये अं टिमवर्क असेल अं प्रेझेंटेशन असतील ह्या ज्या डेव्हलप झाल्यात तर त्यात मी माझ्या कलीगसोबत माझ्या जुनियरसोबत माझ्या वरिष्ठांसोबत काम करत असेन तर त्यावेळेस नक्कीच फायदा करेन,बी-फार्म आणि एम-फार्म करत असताना माझा जो व्यक्तिमत्त्वाचा विकास झाला आहे त्याच्यामध्ये टिमवर्क असेल प्रेझेंटेशन असतील ह्या ज्या डेव्हलप झाल्यात तर त्यात मी माझ्या कलीगसोबत माझ्या जुनियरसोबत माझ्या वरिष्ठांसोबत काम करत असेन तर त्यावेळेस नक्कीच फायदा करेन, बी-फार्म आणि एम-फार्म करत असताना माझा व्यक्तिमत्त्व विकासाचा जो व्यक्तिमत्त्वाचा जो विकास झाला आहे त्याच्यामध्ये अं टिमवर्क असेल अं प्रेझेंटेशन असतील ह्या ज्या डेव्हलप झाल्यात तर त्यात मी माझ्या कलीगसोबत माझ्या जुनियरसोबत माझ्या वरिष्ठांसोबत काम करत असेन तर त्यावेळेस नक्कीच फायदा करेन
पण त्या गोष्टीकडे जेव्हा मी सकारात्मक बाजूने आणि विश्वास आत्मविश्वासाने बघतो ती गोष्ट नक्कीच पुढे जाऊन अं तिचं कन्वर्जन सकारात्मक बाजूने व्हायला मोटिवही भेटते सपोर्ट मिळतो,पण त्या गोष्टीकडे जेव्हा मी सकारात्मक बाजूने आणि आत्मविश्वासाने बघतो ती गोष्ट नक्कीच पुढे जाऊन तिचं कन्वर्जन सकारात्मक बाजूने व्हायला मोटिवही भेटते सपोर्ट मिळतो, पण त्या गोष्टीकडे जेव्हा मी सकारात्मक बाजूने आणि विश्वास आत्मविश्वासाने बघतो ती गोष्ट नक्कीच पुढे जाऊन तिचं कन्वर्जन सकारात्मक बाजूने व्हायला मोटिवही भेटते सपोर्ट मिळतो
माझे वडील शिक्षक आहेत माझ्या घरा आई गृहिणी आणि एक बहीण आहे मला,माझे वडील शिक्षक आहेत माझ्या आई गृहिणी आणि एक बहीण आहे मला, माझे वडील शिक्षक आहेत माझ्या घरा आई गृहिणी आणि एक बहीण आहे मला
आपण जर असं केल तर आपल्या देशाचं कसं होईल आपण प्रगत राष्ट्र राज्य आहोत,आपण जर असं केल तर आपल्या देशाचं कसं होईल आपण प्रगत राज्य आहोत, आपण प्रगत राष्ट्र राज्य आहोत
आता अवकाळी पावसामुळे श शेतकरींचा सातबारा कोरा करा केला पाहिजे अशी मागणी आहे,आता अवकाळी पावसामुळे शेतकरींचा सातबारा कोरा केला पाहिजे अशी मागणी आहे, शेतकरींचा सातबारा कोरा केला पाहिजे अशी मागणी आहे
त्यामुळे फर्स्ट जनरेशन किंवा सेकंड जनरेशची लोकं ज्यांनी ह्या आरक्षणाचा फायदा घेऊन समाजामध्ये चांगल्या स्तरामध्ये स्था स्थान प्राप्त केलेलं आहे त्यांना नक्कीच आता आरक्षणाच्या सवलतीपासून थांबवू शकतो,त्यामुळे फर्स्ट जनरेशन किंवा सेकंड जनरेशची लोकं ज्यांनी ह्या आरक्षणाचा फायदा घेऊन समाजामध्ये चांगल्या स्तरामध्ये स्थान प्राप्त केलेलं आहे त्यांना नक्कीच आता आरक्षणाच्या सवलतीपासून थांबवू शकतो, त्यामुळे फर्स्ट जनरेशन किंवा सेकंड जनरेशची लोकं ज्यांनी ह्या आरक्षणाचा फायदा घेऊन समाजामध्ये चांगल्या स्तरामध्ये स्थान प्राप्त केलेलं आहे त्यांना नक्कीच आता आरक्षणाच्या सवलतीपासून थांबवू शकतो
बेसिकली त्याचं त्या आर्टिकलचं असं म्हणणं होतं की एखादी एखादा पुरुष एखाद्या विवाहित स्त्रीसोबत तिच्या हसबंडच्या संमतीशिवाय जर अं कुठलेही संबंध ठेवत असेल तर तो फौजदारी गुन्हा होत होता,बेसिकली त्या आर्टिकलचं असं म्हणणं होतं की एखादा पुरुष एखाद्या विवाहित स्त्रीसोबत तिच्या हसबंडच्या संमतीशिवाय जर कुठलेही संबंध ठेवत असेल तर तो फौजदारी गुन्हा होत होता, बेसिकली त्या आर्टिकलचं असं म्हणणं होतं की एखादा पुरुष एखाद्या विवाहित स्त्रीसोबत तिच्या हसबंडच्या संमतीशिवाय जर कुठलेही संबंध ठेवत असेल तर तो फौजदारी गुन्हा होत होता
जे प्रचाराच्या दरम्यान पॉ रिलिजनचा मुद्दा उचलून धरू नये किंवा रिलिजनला बेस करून आपलं पॉलिटिकलाईज करू नये असं एक कोड ऑफ कंडक्टने स्पष्ट केलं आहे,जे प्रचाराच्या दरम्यान रिलिजनचा मुद्दा उचलून धरू नये किंवा रिलिजनला बेस करून आपलं पॉलिटिकलाईज करू नये असं एक कोड ऑफ कंडक्टने स्पष्ट केलं आहे, प्रचाराच्या दरम्यान पॉ रिलिजनचा मुद्दा उचलून धरू नये किंवा रिलिजनला बेस करून आपलं पॉलिटिकलाईज करू नये असं एक कोड ऑफ कंडक्टने स्पष्ट केलं आहे
परंतू मूळ अॅग्रिकलचरची समस्या तशीच राहिली आहे आणि अॅग अॅग्रिकल फार्मर्सच्या स्टेटसमध्ये काहीच इम्प्रू झाली नाहीए,परंतू मूळ अॅग्रिकलचरची समस्या तशीच राहिली आहे आणि अॅग्रिकल फार्मर्सच्या स्टेटसमध्ये काहीच इम्प्रू झाली नाहीए, परंतू मूळ अॅग्रिकलचरची समस्या तशीच राहिली आहे आणि अॅग्रिकल फार्मर्सच्या स्टेटसमध्ये काहीच इम्प्रू झाली नाहीए
आणि आणखी एक मला मु मुद्दा वाटतो की,आणि आणखी एक मला मुद्दा वाटतो की, आणि आणखी एक मला वाटतो की
कारण कर्जमाफी ही कधीच त्या सि सिच्युएशन त्या प्रॉब्लेमची एक पूर्णपणे सोल्यूशन नसते ती तात्पुरती मलमपट्टी असं म्हटलं जातं त्या कर्जमाफीला,कारण कर्जमाफी ही कधीच त्या सिच्युएशन त्या प्रॉब्लेमची एक पूर्णपणे सोल्यूशन नसते ती तात्पुरती मलमपट्टी असं म्हटलं जातं त्या कर्जमाफीला, कर्जमाफी ही कधीच त्या सिच्युएशन त्या प्रॉब्लेमची एक पूर्णपणे सोल्यूशन नसते ती तात्पुरती मलमपट्टी असं म्हटलं जातं त्या कर्जमाफीला
बीड जिल्ह्यामध्ये महिलां एक महिला राजकीय नेत्या आहेत त्या तुम्हांला माहितच असेल,बीड जिल्ह्यामध्ये एक महिला राजकीय नेत्या आहेत त्या तुम्हांला माहितच असेल, बीड जिल्ह्यामध्ये एक महिला राजकीय नेत्या आहेत त्या तुम्हांला माहितच असेल
प्रशासनामध्ये सर मुस्लिम कम्युनिटीचे प्रमाण कमीच आहे त्यातल्यात्यात पोलीस पोलीस प्रशासनामध्येसुद्धा कमीच आहे,प्रशासनामध्ये सर मुस्लिम कम्युनिटीचे प्रमाण कमीच आहे त्यातल्यात्यात पोलीस प्रशासनामध्येसुद्धा कमीच आहे, प्रशासनामध्ये मुस्लिम कम्युनिटीचे प्रमाण कमीच आहे त्यातल्यात्यात पोलीस प्रशासनामध्येसुद्धा कमीच आहे
मला असं मला तर अनुभव आत्तापर्यंत नाही आलाय,मला असं तर अनुभव आत्तापर्यंत नाही आलाय, मला तर अनुभव आत्तापर्यंत नाही आलाय
त्या संघर्षामुळे अं ते देश सोडून पळत आहेत,त्या संघर्षामुळे ते देश सोडून पळत आहेत, त्या संघर्षामुळे ते देश सोडून पळत आहेत
त्या ऑपरेशननुसार त्यांना ज्यां जे काही साहित्य लागते खाण्याचे ते आपण सर्व पुरवठा करतो,त्या ऑपरेशननुसार त्यांना जे काही साहित्य लागते खाण्याचे ते आपण सर्व पुरवठा करतो, त्या ऑपरेशननुसार त्यांना ज्यां जे काही साहित्य लागते खाण्याचे ते आपण सर्व पुरवठा करतो
अन् तात् तात्पुरतेसाठी १८ हजार काहीतरी रोहिंग्या भारतातसुद्धा आहेत,अन् तात्पुरतेसाठी १८ हजार काहीतरी रोहिंग्या भारतातसुद्धा आहेत, तात्पुरतेसाठी १८ हजार काहीतरी रोहिंग्या भारतातसुद्धा आहेत
राज राजकीय हेतूसाठी रोहिंग्या मुसलमानांना काही लोकांनी आपल्यात घेतलेलं आहे त्यांना आधारकार्ड इश्यू केलेलं आहे,राजकीय हेतूसाठी रोहिंग्या मुसलमानांना काही लोकांनी आपल्यात घेतलेलं आहे त्यांना आधारकार्ड इश्यू केलेलं आहे, राजकीय हेतूसाठी रोहिंग्या मुसलमानांना काही लोकांनी आपल्यात घेतलेलं आहे त्यांना आधारकार्ड इश्यू केलेलं आहे
एक पोर्टल निर्माण केलं महाराष्ट्र सरकारनं सिटिजन पोर्टल म्हणून ज्यात की पोलिसांच्या सग सगळ्या सोयीसुविधा ऑनलाईन देण्यात येत आहेत,एक पोर्टल निर्माण केलं महाराष्ट्र सरकारनं सिटिजन पोर्टल म्हणून ज्यात पोलिसांच्या सगळ्या सोयीसुविधा ऑनलाईन देण्यात येत आहेत, महाराष्ट्र सरकारनं सिटिजन पोर्टल म्हणून ज्यात की पोलिसांच्या सगळ्या सोयीसुविधा ऑनलाईन देण्यात येत आहेत
नेमकं काय गायडन्स गाईडलाईन जे आहेत ते काय आहे नेमकं,नेमकं काय गाईडलाईन जे आहेत ते काय आहे नेमकं, नेमकं काय गाईडलाईन जे आहेत ते काय आहे नेमकं?
सर मला वाटतं सर सरसकट सरसकट कर्जमाफी करण्याऐवजी काहीतरी शेतकऱ्यांना रक्कम द्या किंवा काहीतरी अशी स्कीम राबवा की परमनंट शेतकरी सुखी होतील,सर मला वाटतं सर सरसकट कर्जमाफी करण्याऐवजी काहीतरी शेतकऱ्यांना रक्कम द्या किंवा काहीतरी अशी स्कीम राबवा की परमनंट शेतकरी सुखी होतील, सर मला वाटतं सर सरसकट कर्जमाफी करण्याऐवजी काहीतरी शेतकऱ्यांना रक्कम द्या किंवा काहीतरी अशी स्कीम राबवा की परमनंट शेतकरी सुखी होतील
सर जे पीक पीक विमा जी सध्या एक योजना आहे चांगल्या पद्धतीने राबवतात पण त्यामध्ये खूप भ्रष्टाचार झाला,सर जे पीक विमा जी सध्या एक योजना आहे चांगल्या पद्धतीने राबवतात पण त्यामध्ये खूप भ्रष्टाचार झाला, सर जे पीक विमा जी सध्या एक योजना आहे चांगल्या पद्धतीने राबवतात पण त्यामध्ये खूप भ्रष्टाचार झाला
तुमचे तुम्हांला आवडणारे एक पोलीस अधिकारी सांगा,तुम्हांला आवडणारे एक पोलीस अधिकारी सांगा, तुम्हांला आवडणारे एक पोलीस अधिकारी सांगा
आपलेही काही भाऊ बांधव आहेत त्यांनाही मी घेऊन कसा पुढं जाईन त्या समाजाला मी प्रवाहात कसा आणेन हा वेगळा विचार त्या व्यक्तिमत्त्वाने केला,आपलेही काही बांधव आहेत त्यांनाही मी घेऊन कसा पुढं जाईन त्या समाजाला मी प्रवाहात कसा आणेन हा वेगळा विचार त्या व्यक्तिमत्त्वाने केला, आपलेही काही भाऊ बांधव आहेत त्यांनाही मी घेऊन कसा पुढं जाईन त्या समाजाला मी प्रवाहात कसा आणेन हा वेगळा विचार त्या व्यक्तिमत्त्वाने केला
अॅक्च्युली सर मी मला आर्ट्स घ्यायचं होतं,अॅक्च्युली सर मला आर्ट्स घ्यायचं होतं, मला आर्ट्स घ्यायचं होतं
ग्रॅज्युएशन करत असताना त्याच्या आधी आधीपासून मी माझा एम होता की सिव्हिल सर्विस करायचीच आहे,ग्रॅज्युएशन करत असताना त्याच्या आधीपासून मी माझा एम होता की सिव्हिल सर्विस करायचीच आहे, मला सिव्हिल सर्विस करायचीच आहे
शेतकऱ्यांचं असूर हे पुस्तक तुम्ही वाचलेलं असेल ऊं नाही नाही सर,शेतकऱ्यांचं असूर हे पुस्तक तुम्ही वाचलेलं असेल नाही सर, तुम्ही वाचलेलं असेल ऊं नाही सर
PSI पदी तुमची योग्यता कशी ते मला तुम्ही प्रु प्रुव्ह करून दाखवा,PSI पदी तुमची योग्यता कशी ते मला तुम्ही प्रुव्ह करून दाखवा, PSI पदी तुमची योग्यता कशी ते मला तुम्ही प्रुव्ह करून दाखवा
सर आपण पब्लिक पब्लिकसाठीच आहोत सिनियर्ससाठी थोडे आहोत,सर आपण पब्लिकसाठीच आहोत सिनियर्ससाठी थोडे आहोत, सर आपण पब्लिकसाठीच आहोत सिनियर्ससाठी थोडे आहोत
आणि विक साहित्य विक्रीकर आयुक्ताला तुम्ही दिलाय ना,आणि साहित्य विक्रीकर आयुक्ताला तुम्ही दिलाय ना, साहित्य विक्रीकर आयुक्ताला तुम्ही दिलाय ना
आणि दुसरं अं पुरवठा विभाग असतो त्याच्यामध्ये काम करू शकतो,आणि दुसरं पुरवठा विभाग असतो त्याच्यामध्ये काम करू शकतो, आणि दुसरं पुरवठा विभाग असतो त्याच्यामध्ये काम करू शकतो
अशा स्वयंसेविका असतात त्यांना मी माझ्या सजेशन्स देऊ शकेन त्यांच जो त्यांच्याजवळ औजार असाव्यात असतात त्याबद्दल अजून काही त्यांना मी एडव्हाईज देऊ शकेन,अशा स्वयंसेविका असतात त्यांना मी माझ्या सजेशन्स देऊ शकेन त्यांच्याजवळ औजार असतात त्याबद्दल अजून काही त्यांना मी एडव्हाईज देऊ शकेन, अशा स्वयंसेविका असतात त्यांना मी माझ्या सजेशन्स देऊ शकेन त्यांच जो त्यांच्याजवळ औजार असाव्यात असतात त्याबद्दल अजून काही त्यांना मी एडव्हाईज देऊ शकेन
लोकांशी हेल्थ लोकांना हेल्थ रिलेटेड जे सजेशन्स द्यायचे असतात अजून त्यांना काय द्यावं त्याबाबतीतसुद्धा सुधारणा करता येतील,लोकांना हेल्थ रिलेटेड जे सजेशन्स द्यायचे असतात अजून त्यांना काय द्यावं त्याबाबतीतसुद्धा सुधारणा करता येतील, लोकांना हेल्थ रिलेटेड जे सजेशन्स द्यायचे असतात अजून त्यांना काय द्यावं त्याबाबतीतसुद्धा सुधारणा करता येतील
नाही सर अजून वाईडसुद्धा होऊ शकतं स समजा मला काम करायची संधी मिळाली,नाही सर अजून वाईडसुद्धा होऊ शकतं समजा मला काम करायची संधी मिळाली, मला काम करायची संधी मिळाली
म्हणजे ते त्यांचं ज्ञान कमर्शलाईज करून त्यांना जर फायदा होत असेल तर त्यासाठी मी नक्कीच प्रयत्न करेन,म्हणजे ते त्यांचं ज्ञान कमर्शलाईज करून त्यांना जर फायदा होत असेल तर त्यासाठी मी नक्कीच प्रयत्न करेन, त्यांचं ज्ञान कमर्शलाईज करून त्यांना जर फायदा होत असेल तर त्यासाठी मी नक्कीच प्रयत्न करेन
भारताची इकॉनॉमी ही परकीय कंप परकीय देशासाठी उघडी केली,भारताची इकॉनॉमी ही परकीय परकीय देशासाठी उघडी केली, भारताची इकॉनॉमी ही परकीय कंपनी परकीय देशासाठी उघडी केली
पो पोलीस शिपाई नंतर हवालदार,पोलीस शिपाई नंतर हवालदार, पोलीस शिपाई नंतर हवालदार
आरक्षण आरक्षण मिळालं पाहिजे सर,आरक्षण मिळालं पाहिजे सर, आरक्षण मिळालं पाहिजे सर
काही घटक म्हणजे काही घटक किंवा काही लोक कुटुंब जे खरचं मागासलेले आहेत अजून मराठ्यांमध्ये मराठीमध्ये तर त्यांना आरक्षण मिळायला पाहिजे,काही घटक किंवा काही लोक कुटुंब जे खरचं मागासलेले आहेत अजून मराठ्यांमध्ये तर त्यांना आरक्षण मिळायला पाहिजे, काही घटक म्हणजे काही लोक कुटुंब जे खरचं मागासलेले आहेत अजून मराठ्यांमध्ये मराठीमध्ये तर त्यांना आरक्षण मिळायला पाहिजे
१६ टक्के जर मागितले त्यांनी तर लोकसंख्या लोकसंख्याच्या प्रमाणात त्यांच्या मला तर वाटतं ते कमी आहे,१६ टक्के जर मागितले त्यांनी तर लोकसंख्याच्या प्रमाणात त्यांच्या मला तर वाटतं ते कमी आहे, १६ टक्के जर मागितले त्यांनी तर लोकसंख्या लोकसंख्याच्या प्रमाणात त्यांच्या मला तर वाटतं ते कमी आहे
कारण त्याचेच भाव बांधव जे आहेत भगिनी आहेत इथे वाड्यामध्ये राहतात पाड्यामध्ये राहतात अजून दर्लक्षित घटक आहेत त्यांना समाजात प्रवाहात आणण्यापेक्षा ह्याचं बेनिफिट जास्त घेताना आपल्याला दिसत नाही का,कारण त्याचेच बांधव जे आहेत भगिनी आहेत इथे वाड्यामध्ये राहतात पाड्यामध्ये राहतात अजून दर्लक्षित घटक आहेत त्यांना समाजात प्रवाहात आणण्यापेक्षा ह्याचं बेनिफिट जास्त घेताना आपल्याला दिसत नाही का, कारण त्याचेच भाव बांधव जे आहेत भगिनी आहेत इथे वाड्यामध्ये राहतात पाड्यामध्ये राहतात अजून दर्लक्षित घटक आहेत त्यांना समाजात प्रवाहात आणण्यापेक्षा ह्याचं बेनिफिट जास्त घेताना आपल्याला दिसत नाही का
सर मी प्रश प्रशासनच स्वीकारेन,सर मी प्रशासनच स्वीकारेन, सर मी प्रश प्रशासनच स्वीकारेन
त्यामुळे कुटुंबसुद्धा अं मला सपोर्ट करेल भविष्यात आणि मी पण प्रशासनाचाच विचार करेन,त्यामुळे कुटुंबसुद्धा मला सपोर्ट करेल भविष्यात आणि मी पण प्रशासनाचाच विचार करेन, त्यामुळे कुटुंबसुद्धा मला सपोर्ट करेल भविष्यात आणि मी पण प्रशासनाचाच विचार करेन
तसं नाही सर पण भरपूर असुक्षित असुक्षितपण महिला आहेत,तसं नाही सर पण भरपूर असुक्षितपण महिला आहेत, तसं नाही सर पण भरपूर असुक्षित असुक्षितपण महिला आहेत
त्यानंतर म्हणजे पहिली ते सातवी जिल्हा परिषद सात् आठवीपासून ते दहावीपर्यंत लाल बहादूर शास्त्री विद्यालय,त्यानंतर म्हणजे पहिली ते सातवी जिल्हा परिषद आठवीपासून ते दहावीपर्यंत लाल बहादूर शास्त्री विद्यालय, त्यानंतर म्हणजे पहिली ते सातवी जिल्हा परिषद सात् आठवीपासून ते दहावीपर्यंत लाल बहादूर शास्त्री विद्यालय
हा सर तसं असं म्हणता नाही येणार आपल्याला,हा सर तसं म्हणता नाही येणार आपल्याला, हा सर तसं असं म्हणता नाही येणार आपल्याला
सर मला अं मी अॅक्च्युली आरटीओसाठी प्रयत्न केला होता सर,सर मी अॅक्च्युली आरटीओसाठी प्रयत्न केला होता सर, सर मला आरटीओसाठी प्रयत्न केला होता सर
माझे प्राथमिक व माध्यमिक शिक्षण माझ्या गावी पाडू पाडू येथे राजगुरू नगर तालुका जो आहे पुणे जिल्ह्यामध्ये,माझे प्राथमिक व माध्यमिक शिक्षण माझ्या गावी पाडू येथे राजगुरू नगर तालुका जो आहे पुणे जिल्ह्यामध्ये, माझे प्राथमिक व माध्यमिक शिक्षण माझ्या गावी पाडू पाडू येथे राजगुरू नगर तालुका जो आहे पुणे जिल्ह्यामध्ये
सर मा मा माझे जे सब्जेक्ट होते जसे इकॉनॉमिक्स अकाऊंट वगैरे हे युज होऊ शकतात डिपार्टमेंटमध्ये,सर माझे जे सब्जेक्ट होते जसे इकॉनॉमिक्स अकाऊंट वगैरे हे युज होऊ शकतात डिपार्टमेंटमध्ये, सर माझे जे सब्जेक्ट होते जसे इकॉनॉमिक्स अकाऊंट वगैरे हे युज होऊ शकतात डिपार्टमेंटमध्ये
मी तर स सर्व ना नारी जे आहेत सबलाच मानते,मी तर सर्व नारी जे आहेत सबलाच मानते, मी तर सर्व नारी जे आहेत सबलाच मानते
बट आरक्षणाची ग गरज आहे पोलीस प्रशासनामध्ये महिलांचा टक्का वाढवण्यासाठी,बट आरक्षणाची गरज आहे पोलीस प्रशासनामध्ये महिलांचा टक्का वाढवण्यासाठी, आरक्षणाची गरज आहे पोलीस प्रशासनामध्ये महिलांचा टक्का वाढवण्यासाठी
सर मी असं नाही मानत की लिंग भेदभाव होतोय म्हणून त्यांचं प्रो पोलीस प्रशासनामध्ये जो कमी सहभाग आहे तो जास्त करण्यासाठी त्यांना आरक्षणाची गरज आहे,सर मी असं नाही मानत की लिंग भेदभाव होतोय म्हणून त्यांचं पोलीस प्रशासनामध्ये जो कमी सहभाग आहे तो जास्त करण्यासाठी त्यांना आरक्षणाची गरज आहे," सर, पोलीस प्रशासनामध्ये जो कमी सहभाग आहे तो जास्त करण्यासाठी त्यांना आरक्षणाची गरज आहे."
आता असे काही प्रकल्प चालू आहेत का पोलिसां पोलीस विभागांतर्गत,आता असे काही प्रकल्प चालू आहेत का पोलीस विभागांतर्गत, पोलीस विभागांतर्गत
हो सर आपल्या आपल्याला त्याच्यात स्पेसिफि स्पेसिफिकेशन झालंय,हो सर आपल्या आपल्याला त्याच्यात स्पेसिफिकेशन झालंय, त्याच्यात स्पेसिफिकेशन झालंय
आपले ट्रॅफिकचे कॅमेरे जास्त क्लिअर नाही आहेत ते विडियो क्लिकर करण्यासाठी आपण त्याचा अं वाप एनिमेशनचा वापर करू शकतो,आपले ट्रॅफिकचे कॅमेरे जास्त क्लिअर नाही आहेत ते विडियो क्लिकर करण्यासाठी आपण एनिमेशनचा वापर करू शकतो, आपले ट्रॅफिकचे कॅमेरे जास्त क्लिअर नाही आहेत ते विडियो क्लिकर करण्यासाठी आपण त्याचा अं वाप एनिमेशनचा वापर करू शकतो
अं मला १२४ मार्क्स आहेत आणि ११४ कटऑफ मार्क आहेत,मला १२४ मार्क्स आहेत आणि ११४ कटऑफ मार्क आहेत, मला १२४ मार्क्स आहेत आणि ११४ कटऑफ मार्क आहेत
मला सांगण्याचा अर्थ तोच आहे की सध्या मा भारताचा विचार केला तर मुख्यमंत्री महिला म्हणून त्यांचाचकडे बघितला जाईल,मला सांगण्याचा अर्थ तोच आहे की सध्या भारताचा विचार केला तर मुख्यमंत्री महिला म्हणून त्यांचाचकडे बघितला जाईल, मला सांगण्याचा अर्थ तोच आहे की सध्या भारताचा विचार केला तर मुख्यमंत्री महिला म्हणून त्यांचाचकडे बघितला जाईल
त्यामुळे महिलांची जी जागा आहे त्या त्याचे प्रमाण नक्कीच पोलीस खात्यामध्ये वाढलं पाहिजे,त्यामुळे महिलांची जी जागा आहे त्याचे प्रमाण नक्कीच पोलीस खात्यामध्ये वाढलं पाहिजे, त्यामुळे महिलांची जी जागा आहे त्या त्याचे प्रमाण नक्कीच पोलीस खात्यामध्ये वाढलं पाहिजे
विविध योजना आपल्या गटात राबवणे आपल्या त्यांच्या हाताखाली कर्मचाऱ्यांकडून कडून काम करून घेणे,विविध योजना आपल्या गटात राबवणे त्यांच्या हाताखाली कर्मचाऱ्यांकडून काम करून घेणे, विविध योजना आपल्या गटात राबवणे आपल्या त्यांच्या हाताखाली कर्मचाऱ्यांकडून कडून काम करून घेणे
महिलांसाठी विशेष खासकरून आजही ग्रामीण भागामध्ये महिलांना कायद्याची माहिती नाही विशेषतः आता जे ipc चे कायदे आहेत त्यांना त्यांची माहिती नाही ते कायदे त्यांना दे देण्यासाठी काही मोबाईल अॅप आहेत त्याद्वारे ती माहिती देता येईल,महिलांसाठी खासकरून आजही ग्रामीण भागामध्ये महिलांना कायद्याची माहिती नाही विशेषतः आता जे ipc चे कायदे आहेत त्यांना त्यांची माहिती नाही ते कायदे त्यांना देण्यासाठी काही मोबाईल अॅप आहेत त्याद्वारे ती माहिती देता येईल, महिलांना कायद्याची माहिती नाही विशेषतः आता जे ipc चे कायदे आहेत त्यांना त्यांची माहिती नाही ते कायदे त्यांना दे देण्यासाठी काही मोबाईल अॅप आहेत त्याद्वारे ती माहिती देता येईल
तुम्हांला कोणत्या जिल्ह्यामध्ये महाराष्ट्रात पोलीस प्रशासन हे चांगलं सुशासक शासन वाटतंय,तुम्हांला कोणत्या जिल्ह्यामध्ये महाराष्ट्रात पोलीस प्रशासन हे चांगलं वाटतंय, तुम्हाला कोणत्या जिल्ह्यामध्ये महाराष्ट्रात पोलीस प्रशासन हे चांगलं सुशासक शासन वाटतंय?
पोलिसांचं कायदेशीर कार्य कार्य पण आहे त्यापेक्षा सामाजिक कार्यामध्ये महत्त्वाचं काम सांगता येईल,पोलिसांचं कायदेशीर कार्य पण आहे त्यापेक्षा सामाजिक कार्यामध्ये महत्त्वाचं काम सांगता येईल, पोलिसांचं कायदेशीर कार्य पण आहे त्यापेक्षा सामाजिक कार्यामध्ये महत्त्वाचं काम सांगता येईल
त्यांच्यावर त्यांना अं त्यांच्यावर हल्ला करण्यात आला होता,त्यांच्यावर हल्ला करण्यात आला होता, त्यांना हल्ला करण्यात आला होता
नाही सर जर ग जर गंभीर असेल तर एफआय करेन ना,नाही सर जर गंभीर असेल तर एफआय करेन, जर गंभीर असेल तर एफआय करेन ना
हरभऱ्याची डाळ शिजवली जाते नंतर त्याच्यामधलं पाणी काढून प पुरण वाटलं जातं,हरभऱ्याची डाळ शिजवली जाते नंतर त्याच्यामधलं पाणी काढून पुरण वाटलं जातं, पुरण वाटलं जातं
सोबत एखादी आता शेतकऱ्याची हे आली घटना आली पोलीस स्टेशनमध्ये,आता शेतकऱ्याची घटना आली पोलीस स्टेशनमध्ये, शेतकऱ्याची हे आली घटना आली पोलीस स्टेशनमध्ये
तुम्ही असं हे काम करू नका,तुम्ही हे काम करू नका, तुम्ही असं हे काम करू नका
जसं आता जे म्हणजे कारागृह विभाग आहे,जसं आता कारागृह विभाग आहे, जे म्हणजे कारागृह विभाग आहे
वॉरंट हे ज्या व्यक्तीला दिली पोलीस अधिकाऱ्याच्या नावाने काढले जाते आणि त्याच्यावर तिकडे दिले जाते,वॉरंट हे ज्या पोलीस अधिकाऱ्याच्या नावाने काढले जाते आणि तिकडे दिले जाते, वॉरंट हे ज्या व्यक्तीला दिली पोलीस अधिकाऱ्याच्या नावाने काढले जाते आणि त्याच्यावर तिकडे दिले जाते
नाही पो पो पोली पुरुष असं नाही पण महिला बनू शकते ना,नाही पुरुष असं नाही पण महिला बनू शकते ना, पुरुष असं नाही पण महिला बनू शकते ना
एक भा भारताची महिला पंतप्रधान बनू शकते तर पोलीस इन्चार्ज का नाही,एक भारताची महिला पंतप्रधान बनू शकते तर पोलीस इन्चार्ज का नाही, भारताची महिला पंतप्रधान बनू शकते तर पोलीस इन्चार्ज का नाही
पोलीस स्टेश तुम्हांला आता महिला म्हणून गडचिरोलीसारख्या ठिकाणी तुम्हांला नोकरी करण्याची संधी मिळाली,तुम्हांला आता महिला म्हणून गडचिरोलीसारख्या ठिकाणी तुम्हांला नोकरी करण्याची संधी मिळाली, पोलीस स्टेशन तुम्हांला आता महिला म्हणून गडचिरोलीसारख्या ठिकाणी तुम्हांला नोकरी करण्याची संधी मिळाली
त्यांची संयुक्त कुटुंबपद्धती असते ते सगळे मिळूनमिसळून राहतात थोडेफार वादविवाद असतात पण ते आपापसात मिटवून घेतात त्यामुळे ते आणि एकमेकांना आधार असतात,त्यांची संयुक्त कुटुंबपद्धती असते ते सगळे मिळूनमिसळून राहतात थोडेफार वादविवाद असतात पण ते आपापसात मिटवून घेतात आणि एकमेकांना आधार असतात, त्यांची संयुक्त कुटुंबपद्धती असते ते सगळे मिळूनमिसळून राहतात थोडेफार वादविवाद असतात पण ते आपापसात मिटवून घेतात त्यामुळे ते आणि एकमेकांना आधार असतात
माझे प्राथमिक शिक्षण हे जिल्हा परिषद प्राथमिक प्राथमिक शाळेतच झालेलं आहे,माझे प्राथमिक शिक्षण हे जिल्हा परिषद प्राथमिक शाळेतच झालेलं आहे, माझे प्राथमिक शिक्षण हे जिल्हा परिषद प्राथमिक शाळेतच झालेलं आहे
मला मी नववीला असताना मला आदर्श विद्यार्थिनी ट्रॉफी मिळाली होती,मी नववीला असताना मला आदर्श विद्यार्थिनी ट्रॉफी मिळाली होती, मी नववीला असताना मला आदर्श विद्यार्थिनी ट्रॉफी मिळाली होती
बॉम्ब्स बॉम्ब हल्ले होतात ना अं अं ते शोधून काढण्यासाठी,बॉम्ब हल्ले होतात ते शोधून काढण्यासाठी, बॉम्ब हल्ले होतात ना अं ते शोधून काढण्यासाठी
कोरोना वायरस पेशंट असतील ना तर एअरपोर्टवर त्यां त्यांचा उपयोग केला होता,कोरोना वायरस पेशंट असतील तर एअरपोर्टवर त्यांचा उपयोग केला होता, कोरोना वायरस पेशंट असतील ना तर एअरपोर्टवर त्यांचा उपयोग केला होता
काय कधी कुणाला घाबरायंच नाही,कधी कुणाला घाबरायंच नाही, कधी कुणाला घाबरायंच नाही
माझं माध्यमिक शिक्षण आदर्श प्रशाला ह्या शा ह्या कॉलेजमध्ये म्हणजे आदर्श प्रशाला ऑफ ज्युनिअर कॉलेज ह्या शाळेमध्ये झाले आहे,माझं माध्यमिक शिक्षण आदर्श प्रशाला ऑफ ज्युनिअर कॉलेज ह्या शाळेमध्ये झाले आहे, माझं माध्यमिक शिक्षण आदर्श प्रशाला ह्या शाळेमध्ये म्हणजे आदर्श प्रशाला ऑफ ज्युनिअर कॉलेज ह्या शाळेमध्ये झाले आहे.
आणि माझ्या माझा डिप्लोमा दहावीनंतर मी गव्हर्नमेंट पोलिटिक सोलापूर येथून डिप्लोमा केला आहे,आणि माझा डिप्लोमा दहावीनंतर गव्हर्नमेंट पोलिटिक सोलापूर येथून डिप्लोमा केला आहे, मी गव्हर्नमेंट पोलिटिक सोलापूर येथून डिप्लोमा केला आहे.
त्याच्यानंतर मी सिंहगड कॉलेज अं सिंहगड कॉलेज ऑफ इंजिनिअरिंग इथून सोलापूर येथून डिग्री केली आहे,त्याच्यानंतर मी सिंहगड कॉलेज ऑफ इंजिनिअरिंग सोलापूर येथून डिग्री केली आहे, मी सिंहगड कॉलेज ऑफ इंजिनिअरिंग इथून सोलापूर येथून डिग्री केली आहे.
त्यां ते आता निवडून आलेले आहेत तेवढं माझ्या वाचनात आलं आहे,ते आता निवडून आलेले आहेत तेवढं माझ्या वाचनात आलं आहे, ते आता निवडून आलेले आहेत तेवढं माझ्या वाचनात आलं आहे
आत्ताचे जो आत्ता जो ट्रेंड आहे ते सॉंग जास्त ऐकते,आत्ता जो ट्रेंड आहे ते सॉंग जास्त ऐकते, आत्ता जो ट्रेंड आहे ते सॉंग जास्त ऐकते
बेस्ट बेस्ट मेल अॅक्टर म्हणून पण अॅवॉर्ड भेटलेलं आहे,बेस्ट मेल अॅक्टर म्हणून पण अॅवॉर्ड भेटलेलं आहे, बेस्ट मेल अॅक्टर म्हणून पण अॅवॉर्ड भेटलेलं आहे
तत्कालीन नेते होते महानगरपालिकेचे त्यांनी ते पैसे भ्रष्टाचा भ्रष्टाचार करून भ्रष्टाचार केलाय त्याच्यामुळे ते पैसे सामान्य जनतेपर्यंत पोहचू नाही शकले,तत्कालीन नेते होते महानगरपालिकेचे त्यांनी ते पैसे भ्रष्टाचार करून भ्रष्टाचार केलाय त्याच्यामुळे ते पैसे सामान्य जनतेपर्यंत पोहचू नाही शकले, ते पैसे सामान्य जनतेपर्यंत पोहचू नाही शकले
काही ऑनलाईन ट्रान्स ट्रान्झाक्शन करता का,काही ऑनलाईन ट्रान्झाक्शन करता का, काही ऑनलाईन ट्रान्झाक्शन करता का?
एक प्लॅन बी म्हणून मी तो पूर पूर्ण करून ठेवलो,एक प्लॅन बी म्हणून मी तो पूर्ण करून ठेवलो, एक प्लॅन बी म्हणून मी तो पूर पूर्ण करून ठेवलो
पुण्याला अभ्यासही चालू होता MPSC चा आणि इकडे कॉलेज अं पेपरपण देत होतो मी,पुण्याला अभ्यासही चालू होता MPSC चा आणि इकडे पेपरपण देत होतो मी, पुण्याला अभ्यासही चालू होता MPSC चा आणि इकडे कॉलेज अं पेपरपण देत होतो मी
नाही सर शासनाचा नाही मी एक सेमी गव्हर्नमेंट म्हणजे सेमी गव्हर्नमेंट कॉलेजमध्ये शिक्षण घेतलं,नाही सर शासनाचा नाही मी एक सेमी गव्हर्नमेंट कॉलेजमध्ये शिक्षण घेतलं, शासनाचा नाही मी एक सेमी गव्हर्नमेंट कॉलेजमध्ये शिक्षण घेतलं
आणि अं रोजगार वगैरे जो मिळतोय तो फक्त कागदोपत्री आहे,आणि रोजगार वगैरे जो मिळतोय तो फक्त कागदोपत्री आहे, रोजगार वगैरे जो मिळतोय तो फक्त कागदोपत्री आहे
त्यां त्यानंतर जो शेतकरी माल पिकवतोय त्याच्या मालाला चांगला हमीभाव दिला पाहिजे,त्यानंतर जो शेतकरी माल पिकवतोय त्याच्या मालाला चांगला हमीभाव दिला पाहिजे, त्यानंतर जो शेतकरी माल पिकवतोय त्याच्या मालाला चांगला हमीभाव दिला पाहिजे
गावात जाऊन ते अं बऱ्याच लोकांचं समुपदेशन करत असतात,गावात जाऊन ते बऱ्याच लोकांचं समुपदेशन करत असतात, गावात जाऊन ते बऱ्याच लोकांचं समुपदेशन करत असतात
सर सुरवातीला ते दिवाणी न्यायाधीश अं न्यायालयात जातील,सर सुरवातीला ते दिवाणी न्यायालयात जातील, दिवाणी न्यायाधीश न्यायालयात जातील
आता हा गुन्हा एक जबरी चोरीचा गुन्हेगार गुन्हा झालेला आहे,आता हा गुन्हा एक जबरी चोरीचा गुन्हा झालेला आहे, आता हा गुन्हा एक जबरी चोरीचा गुन्हेगार गुन्हा झालेला आहे
मुक्काम मी मुक्काम पोस्ट सावरगाव तालुका येवला जिल्हा नाशिक येथून आलोय,मी मुक्काम पोस्ट सावरगाव तालुका येवला जिल्हा नाशिक येथून आलोय, मी मुक्काम पोस्ट सावरगाव तालुका येवला जिल्हा नाशिक येथून आलोय
मला दहावीमध्ये ५५ ४६ गुण टक्के गुण मिळालेले आहे,मला दहावीमध्ये ५५ ४६ टक्के गुण मिळालेले आहे, मला दहावीमध्ये ५५ टक्के गुण मिळालेले आहेत.
म्हणजेे मूळ मूळ जो गुन्हा केला आहे,म्हणजेे मूळ जो गुन्हा केला आहे, मूळ गुन्हा केला आहे
साकलिंग कसं आहे शाररि शरीरासाठी चांगलं आहे व्यायाम,साकलिंग शरीरासाठी चांगलं आहे व्यायाम, शरीरासाठी चांगलं आहे व्यायाम
पोलीस आणि स आता समजा सध्याच्या परिस्थितीचा विचार केला पोलीस आणि समाज आहे त्यांच्या संवाद आपण जास्तीतजास्त वाढवू शकतो,पोलीस आणि आता समजा सध्याच्या परिस्थितीचा विचार केला पोलीस आणि समाज आहे त्यांच्या संवाद आपण जास्तीतजास्त वाढवू शकतो, पोलीस आणि समाज आहे त्यांच्या संवाद आपण जास्तीतजास्त वाढवू शकतो
आं फक्त PSI लाच आहात,फक्त PSI लाच आहात, PSI
आणि मग पर्यायाने ते त्याचा समूळ नाष्ट नाश करणे,आणि मग पर्यायाने त्याचा समूळ नाश करणे, त्याचा समूळ नाश करणे
सर पानी फाऊंडेशनचा असा मला एकही असा अं माझ्या नि निदर्शनामध्ये असा एकही वाईट अनुभव आत्तापर्यंत आलेला नाहीए,सर पानी फाऊंडेशनचा माझ्या निदर्शनामध्ये असा एकही वाईट अनुभव आत्तापर्यंत आलेला नाहीए, मला एकही असा अनुभव आत्तापर्यंत आलेला नाहीए
प्रत्येक गावामध्ये आता पाण्याची खूप मोठी टंचाई आहे आणि पाण्यामुळे गाव आज वव ओस ओसाड पडलेले आहेत,प्रत्येक गावामध्ये आता पाण्याची खूप मोठी टंचाई आहे आणि पाण्यामुळे गाव आज ओसाड पडलेले आहेत, प्रत्येक गावामध्ये आता पाण्याची खूप मोठी टंचाई आहे आणि पाण्यामुळे गाव आज वव ओस ओसाड पडलेले आहेत
पाणी नाही तर शेती नाही शेती नाही तर उत्पन्न नाही आणि पर्यायाने शहराकडे जातात तेथील लोकं आणि ह्यामुळे शहरीपण शहरंपण फुगत चाललेली आहेत,पाणी नाही तर शेती नाही शेती नाही तर उत्पन्न नाही आणि पर्यायाने शहराकडे जातात तेथील लोकं आणि ह्यामुळे शहरंपण फुगत चाललेली आहेत, पाणी नाही तर शेती नाही शेती नाही तर उत्पन्न नाही आणि पर्यायाने शहराकडे जातात तेथील लोकं आणि ह्यामुळे शहरीपण शहरंपण फुगत चाललेली आहेत
आपल्या छतावर घरावर पडणारा पाऊस किंवा नदी नाल्यां नाल्यांमध्ये पडणारा पाऊस किंवा शेतांमध्ये पडणारा पाऊस हे वाया जाऊ न देता ते पा जमिनीमध्ये कसं मुरवायचं जेणेकरून जमिनीमध्ये पाण्याची पातळी कशी वाढवायची हे त्यामध्ये येते सर,आपल्या छतावर घरावर पडणारा पाऊस किंवा नदी नाल्यांमध्ये पडणारा पाऊस किंवा शेतांमध्ये पडणारा पाऊस हे वाया जाऊ न देता ते जमिनीमध्ये कसं मुरवायचं जेणेकरून जमिनीमध्ये पाण्याची पातळी कशी वाढवायची हे त्यामध्ये येते सर, आपल्या छतावर घरावर पडणारा पाऊस किंवा नदी नाल्यां नाल्यांमध्ये पडणारा पाऊस किंवा शेतांमध्ये पडणारा पाऊस हे वाया जाऊ न देता ते पा जमिनीमध्ये कसं मुरवायचं जेणेकरून जमिनीमध्ये पाण्याची पातळी कशी वाढवायची हे त्यामध्ये येते सर
आता ED म्हणजे काय सर ते इलि इलिक्टट्रुएट डायरेक्ट्रेट सॉरी,आता ED म्हणजे काय सर ते इलिक्टट्रुएट डायरेक्ट्रेट सॉरी, ED
समजा आपण सफर सफरचंद घेतलं ह्याचं उदाहरण म्हणून,समजा आपण सफरचंद घेतलं ह्याचं उदाहरण म्हणून, समजा आपण सफरचंद घेतलं ह्याचं उदाहरण म्हणून
काय कुठून आलात आपण,कुठून आलात आपण, तुम्ही कुठून आलात?
आपल्याकडे जी शारीरिक क्षमता आहे ती पोलीस दला विषयी साठी ती चांगली आहे,आपल्याकडे जी शारीरिक क्षमता आहे ती पोलीस दला साठी चांगली आहे, आपल्याकडे जी शारीरिक क्षमता आहे ती पोलीस दला विषयी साठी ती चांगली आहे
तडीपार म्हणजे असा व्यक्ती की जो व्यक्ती एखाद्या गुन्हामध्ये सामील असतो ते गुन्ह्या तो भविष्यातपण चोरी करण्यात त्याच्यामध्ये क्षमता असते,तडीपार म्हणजे असा व्यक्ती की जो व्यक्ती एखाद्या गुन्हामध्ये सामील असतो तो भविष्यातपण चोरी करण्यात त्याच्यामध्ये क्षमता असते, तडीपार म्हणजे असा व्यक्ती की जो व्यक्ती एखाद्या गुन्हामध्ये सामील असतो ते गुन्ह्या तो भविष्यातपण चोरी करण्यात त्याच्यामध्ये क्षमता असते
नाही सर माझं समर्थन आहे ह्याविषयी कारण बऱ्याच प्रकरणात असं दि दिसून आलंय की जे इनोसंट परसन आहेत त्यांना भरपूर त्रास झाला,नाही सर माझं समर्थन आहे ह्याविषयी कारण बऱ्याच प्रकरणात असं दिसून आलंय की जे इनोसंट परसन आहेत त्यांना भरपूर त्रास झाला, ह्याविषयी कारण बऱ्याच प्रकरणात असं दिसून आलंय की जे इनोसंट परसन आहेत त्यांना भरपूर त्रास झाला
सर ME TOO जी मुमेंट आहे बेसिकली ती काय आहे की कामा वेळ कामाच्या ज्यावेळेस वातावरणामध्ये एखाद्या स्त्रीवर अत्याचार केला जातो त्यावेळेस तिला तो ओपनपणे बोलता येत नाही,सर ME TOO जी मुमेंट आहे बेसिकली ती काय आहे की कामाच्या ज्यावेळेस वातावरणामध्ये एखाद्या स्त्रीवर अत्याचार केला जातो त्यावेळेस तिला तो ओपनपणे बोलता येत नाही, सर ME TOO जी मुमेंट आहे बेसिकली ती काय आहे की कामा वेळेस वातावरणामध्ये एखाद्या स्त्रीवर अत्याचार केला जातो त्यावेळेस तिला तो ओपनपणे बोलता येत नाही
सर ME TOO मुमेंटमध्ये मला असं नाही वाटत की हे आपण थांबवायला हवं जर त्यांना सामा सामाजिक समाजामध्ये बोलता येत असेल सामाजिक माध्यमाद्वारे आपल्या भावना व्यक्त करण्याची संधी मिळत असेल तर आपण त्यांना अडकवायला म्हणजे आपण त्यांना अडकवणे बरोबर नाही,सर ME TOO मुमेंटमध्ये मला असं नाही वाटत की हे आपण थांबवायला हवं जर त्यांना समाजामध्ये बोलता येत असेल सामाजिक माध्यमाद्वारे आपल्या भावना व्यक्त करण्याची संधी मिळत असेल तर आपण त्यांना अडकवणे बरोबर नाही, सर ME TOO मुमेंटमध्ये मला असं नाही वाटत की हे आपण थांबवायला हवं जर त्यांना सामाजिक समाजामध्ये बोलता येत असेल सामाजिक माध्यमाद्वारे आपल्या भावना व्यक्त करण्याची संधी मिळत असेल तर आपण त्यांना अडकवायला म्हणजे आपण त्यांना अडकवणे बरोबर नाही
स्त्रियांनं स्त्रियांचं जास्त जेवण चांगलं जेवण बनवत नाही असं नाहीए,स्त्रियांचं चांगलं जेवण बनवत नाही असं नाहीए, स्त्रियांनं स्त्रियांचं जास्त जेवण चांगलं जेवण बनवत नाही असं नाहीए
आयोग आपल्याला जात ह्यासाठी लिहा लिहायला लावतं की आपली जात आरक्षण जो आहे मुद्दा तो आयडेंटिफिकेशन करण्यासाठी तुम्ही त्या जातीत बसता का तुम्हांला आरक्षण मिळायला हवं की नाही हे डिसाईड करण्यासाठी आयोग आपल्याला जात लिहायला लावतो,आयोग आपल्याला जात ह्यासाठी लिहायला लावतं की आपली जात आरक्षण जो आहे मुद्दा तो आयडेंटिफिकेशन करण्यासाठी तुम्ही त्या जातीत बसता का तुम्हांला आरक्षण मिळायला हवं की नाही हे डिसाईड करण्यासाठी आयोग आपल्याला जात लिहायला लावतो, आयोग आपल्याला जात ह्यासाठी लिहायला लावतं की आपली जात आरक्षण जो आहे मुद्दा तो आयडेंटिफिकेशन करण्यासाठी तुम्ही त्या जातीत बसता का तुम्हांला आरक्षण मिळायला हवं की नाही हे डिसाईड करण्यासाठी आयोग आपल्याला जात लिहायला लावतो
आणि दुस दुसऱ्या नंबरची जी पोस्ट आहे त्यामध्ये ती डेस्क डेस्क जॉब आहे,आणि दुसऱ्या नंबरची जी पोस्ट आहे त्यामध्ये ती डेस्क जॉब आहे, ती डेस्क जॉब आहे.
आणि असं म्हटलं जातं की तिसरं महायुद्ध म्हणजे साधारणतः अण्वि अणुयुद्धच असेल बुवा,आणि असं म्हटलं जातं की तिसरं महायुद्ध म्हणजे साधारणतः अणुयुद्धच असेल, तिसरं महायुद्ध म्हणजे साधारणतः अणुयुद्धच असेल बुवा
