label,sentence,pred_label
positive,ఏ మతానికి చెందిన వారైనా కూడా ఆ మతానికి చెందిన వారుగా తెలిపే దుస్తులు వేసుకోరాదని చట్ట సవరణ చేసుకుని మరీ ఫ్రాన్స్ పాలకులు సర్వమత సమానత్వాన్ని పాటిస్తున్నారు., negative
positive,"పరీక్షాకేంద్రాలు, ప్రయోగశాలలు కొత్తవి ఏర్పాటవుతున్నాయి.", negative
neutral,"తేదీలు తేడా ఉండవచ్చును కానీ నవ్యాంధ్రలో కూడా రాష్ట్రానికీ, ప్రభుత్వానికీ కూడా రెండేళ్లు.", negative
positive,"అవి డిమాండ్ చేస్తున్నట్టు అఖిలపక్ష సమావేశాన్ని ఏర్పాటుచేసి, ఒక నిర్దిష్టమైన కార్యాచరణను సిద్ధం చేసుకోవడం, చర్చల ప్రక్రియను పునఃప్రారంభించడం వంటివి కేంద్ర, రాష్ట్ర ప్రభుత్వాల విశ్వసనీయతను పెంచడానికి ఉపకరిస్తాయి.", negative
neutral,వాటికి పునరంకితం కావడానికి జూన్ 2 ఒక వేదిక., negative
negative,మరోవైపు కేంద్రం నుంచి ఆశించిన చేయూత లభించడం లేదు కూడా!, negative
neutral,స్థానిక సంస్థల్లో మహిళల ప్రాతినిధ్యం 42 శాతానికి పెరిగినట్టుగా చట్టసభల్లోనూ రిజర్వేషనతో మాత్రమే వీరి సంఖ్య హెచ్చుతుందని రాష్ట్రపతి తేల్చిచెప్పారు., negative
neutral,"శివసేనవంటి పార్టీలు చోటుకాదు, మాటకూడా చెప్పనందుకు గుర్రుమంటున్నా ఈ విస్తరణ ప్రధానోద్దేశం మిత్రపక్షాలకు పదవులు పంచడంకంటే, వచ్చే ఏడాది మార్చి- ఏప్రిల్లో జరగబోయే ఉత్తరప్రదేశ్, మరో రెండు రాష్ట్రాల శాసనసభ ఎన్నికల్లో నెగ్గడం.", negative
neutral,గంగానదీ ప్రక్షాళనకు గత మూడు దశాబ్దాలలో వ్యయం చేసిన మొత్తానికి దాదాపు నాలుగు రెట్ల నిధులను వచ్చే ఐదేళ్లలో ఖర్చు చేయాలని మోడీ సర్కారు నిర్ణయించింది., negative
neutral,"అం తకుముందు ఆయన పోలీస్ స్టేషన్ పరిసరాలు, క్వార్ట ర్లు, స్టేషన్ను క్షుణ్నంగా పరిశీలించారు.", negative
neutral,ఆగ్నేయాసియా మొత్తం ప్రభావం చూపనున్న సంఘటన ఇది., negative
neutral,ఇరాక్ ప్రభుత్వం విజ్ఞప్తి మేరకే దాడులకు దిగానంటూ అమెరికా చెబుతోంది., negative
neutral,సామాజిక న్యాయశాఖను అథవాలే చేతుల్లోనే పెట్టడం దళితుల మనసు గెలుచుకొనే ప్రయత్నం., negative
positive,"ప్రజా సంక్షేమం కోసం ప్రభుత్వం పింఛన్ పెంచడం, కల్యాణ లక్ష్మి, షాదీమూబారక్, దళితులకు మూడెకరాల భూమి, ఉద్యోగులకు పీఆర్సీ, మిషన్ కాకతీయ ద్వారా చెరువుల పునరుద్ధరణ, వాటర్గ్రిడ్ పథకం, లాంటి అనేక సంక్షేమ పథకాలు ప్రవేశపెట్టి పేదల అభివృద్ధికి పాటుపడుతుందన్నారు.", positive
positive,మాడెగాం గ్రామం నుంచే జిల్లాలోని అన్ని గ్రామాలకు తాగునీరందిస్తామన్నారు., negative
neutral,విలువలు కోల్పోయినవారు సమాజంలో గౌరవాన్ని పొందలేని స్థితి ఉండాలి., negative
negative,"సైనిక,పౌర అణుకార్యక్రమాలను విభజించినపుడు, అంతర్జాతీయ అణుఇంధన సమాఖ్యకు తనిఖీలు చేసే అధికారం దఖలు పరిచినపుడు కూడా మన దేశంలోని అప్పటి ప్రతిపక్షాలు అధికార పక్షంపై తీవ్రమైన విమర్శలు గుప్పించాయి.", negative
neutral,నిజానికి ఇద్దరు ముఖ్యమంత్రులూ వారి సొంత డబ్బును ఉద్యోగులకు ఇవ్వడం లేదు., negative
neutral,ఇలాంటి కేసుల్లో శిక్షలు ఖరారైతే భవిష్యత్తులో మరే అధికారి కూడా తప్పు చేయడానికి సాహసం చేయడు., negative
neutral,ఏ చిన్నపాటి అంశం దొరికినా భారత ప్రభుత్వాన్ని ఇరకాటంలో పెట్టేందుకు వేర్పాటువాదులు ప్రయత్నిస్తూనే ఉంటారు., negative
positive,ఇక్కడనుంచి హైస్పీడ్ రైళ్లలో గంటన్నరలో పారిస్కు రెండుగంటల్లో లండన్కు చేరుకోవచ్చు., negative
neutral,ఇస్తాంబుల్ దాడి ప్రతిదేశమూ తమ విమానాశ్రయాల భద్రతా విధానాలను సమూలంగా మార్చుకోవాల్సిన అవసరాన్ని గుర్తుచేసింది., negative
neutral,ముఖ్యమంత్రి ఏమి ఆశిస్తున్నారో అధికారులకు తెలియడం లేదు., negative
neutral,చైనా చేసిన రాజకీయంతో ఎనెస్జిలో భారత్కు సభ్యత్వం ఇప్పుడే రాకపోయినా క్షిపణి పరిజ్ఞాన నియంత్రణ వ్యవస్థ(ఎంటిసిఆర్)లో మాత్రం తాజాగా భారత్కు పూరిస్థాయి సభ్యత్వం లభించింది., negative
neutral,"అసద్ను ఏదో ఒక కారణంతో గద్దె దించి ఆ స్థానంలో కీలుబొమ్మను ప్రతిష్ఠించాలని, తద్వారా పశ్చిమాసియాలో ప్రాబల్యం మరింత పెంచుకోవాలని అమెరికా తహతహలాడుతోంది.", negative
negative,"బోస్ అదృశ్యంపై అనేక కుట్రసిద్ధాంతాలు, కట్టు కథలు ప్రచారంలో ఉన్న ఈ దేశంలో మూడు విచారణ కమిటీలతో పాటు విడతలవారీగా వెలుగుచూస్తున్న ఈ రహస్యఫైళ్ళు కూడా గుట్టువిప్పినదేమీ లేదు.", negative
positive,టెక్నాలజీని ఉపయోగించుకుని తీసుకుంటున్న కొన్ని చర్యలవల్ల ప్రభుత్వ పథకాల అమలులో అవినీతిని చాలావరకు నిరోధించగలుతున్నారు., negative
neutral,జిహాద్ కోసం కాశ్మీర్లోని యువకులను సన్నద్ధం చేయడానికి బుర్హాన్ వని సామాజిక మాధ్యమాలను విరివిగా వినియోగించుకునేవాడు., negative
negative,"వైద్య, ఆరోగ్య శాఖ అధికారులు తమ నివేదికలను వినిపిస్తున్నప్పుడు ఉట్నూర్ మండల జడ్పీటీసీ సభ్యుడు జగ్జీవన్ అడ్డుకొని ఉట్నూర్ పీహెచ్సీలో వైద్యులు అందుబాటులో లేక గిరిజనులకు సరైన వైద్యం అందడం లేదని, శ్యాంపూర్, హస్నాపూర్, దంతన్పెల్లి పీహెచ్సీల వైద్యులైతే ఎప్పుడు వస్తారో, ఎప్పుడు వెళ్తారో తెలియడం లేదని తెలిపారు.", negative
neutral,"వీటిలో ముథోల్ మండలంలోని కారెగాం చెరువు,కుభీర్ మండలం చాటలోని సత్యం ప్రాజెక్టు, చెన్నూర్ మండలం కట్టెసారలలోని పెద్ద చెరువు, బెజ్జూర్ మండలం రుద్రాపూర్లోని కొత్త చెరువు, ఇదే మండల కేంద్రంలోని బాలి చెరువు, కౌటాల మండల కేంద్రంలోని ఊర కుంట, ఇదే మండలంలోని కనికి, ముత్యంపేట, తలూరి చెరువులు, దహెగాం మండలం రాంపూర్లోని బిద్రా చెరువు, సిర్పూర్ మండలం లోన్కెల్లిలోని రావికుంట చెరువుల మరమ్మత్తులు చేపట్టనున్నారు.", negative
negative,వేలాది మంది అమాయకులను పొట్టన పెట్టుకుంటూనే ఉన్నారు., negative
positive,జిఎస్టి పన్ను పరిధిలోకి కొత్త సెక్టార్లు కూడా కలవడం వల్ల ప్రభుత్వానికి రాబోయే రోజుల్లో ఆదాయం గణనీయంగా పెరుగుతుంది., negative
negative,ఉత్పత్తిని ప్రారంభించి వేతనాలు చెల్లించ కుంటే చలో హైదరాబాద్కు పిలుపునిస్తామన్నారు., negative
neutral,"ధర్నా పేరుతో మూడువేల మంది, ప్రధానంగా యాదవులు, ఈ పార్కులో తాత్కాలిక నిర్మాణాల్లో తిష్ఠవేశారు.", negative
neutral,మౌలికంగా ఉభయ రాష్ట్రాల ప్రజల మనస్తత్వాల మధ్యగల తేడా ఇది!, negative
neutral,"అయితే పన్ను ఎంత ఉండాలనే అంశాన్ని కేంద్ర ఆర్ధిక మంత్రి, ఆర్ధిక శాఖ కార్యదర్శి, రాష్ట్రాల ఆర్ధిక మంత్రులతో కూడిన కమిటీ నిర్ణయిస్తుంది.", negative
neutral,ఈ నిర్ణయం బ్రిటన్ భవిష్యత్తుతో పాటు ఈయూ అస్తిత్వాన్ని కూడా ప్రభావితం చేయబోతున్నది., negative
negative,సర్వత్రా ఆరోపణలు మంచిర్యాలలో సబ్రిజిస్ట్రార్ కార్యాలయానికి సంబంధించి నకిలీ దస్తావేజులు సృష్టిస్తున్నారనే ఆరోపణలు వినిపిస్తున్నాయి., negative
positive,దేశ సైనికరంగానికి ఇది విశేషంగా ఉపకరించబోతున్నది., negative
neutral,సమర్ధ నాయకత్వం లేకపోవడం ఆది నుంచి జమ్మూ కాశ్మీర్ పాలిట శాపంగా పరిణమించింది., negative
negative,"అంతే కాకుండా ఫిబ్రవరిలో సరఫరా చేయాల్సిన బియ్యానికి సంబంధించిన ఆర్వోలు ఇదే నెల 6, 10వ తేదీల్లో ఆర్వో జారీ అయిన విశయాన్ని చూస్తే బియ్యం పంపీణీలో అధికారుల పనితీరు స్పష్టమవుతోంది.", negative
positive,రైతులు ఈ అవకాశాన్ని తప్పని సరిగా వినియోగించుకోవాలని కోరారు., negative
positive,"వైర్సకు అనుకూలమైన వాతావరణం ఇక్కడున్నందున, అది మన సరిహద్దుల్లోకి ప్రవేశించి ఇక్కడి దోమలతో వియ్యమందకుండా జాగ్రత్త పడాలి.", negative
neutral,"నేతాజీ సుభాస్ చంద్రబోస్కు సంబంధించి ప్రధాని మోదీ విడుదల చేసిన వందఫైళ్ళు రహస్యాలను ఛేదించిందీ లేదు, దేశాన్ని కుదిపేసిందీ లేదు.", negative
positive,మెస్ల సంఖ్యను రెండు నుంచి మూడుకు పెంచి టెండర్లు పిలుస్తామని తెలిపారు., negative
neutral,తలమడుగు మండలం కజ్జర్లలో బోథ్ ఎమ్మెల్యే రాథోడ్ బాపురావు పాల్గొన్నారు., negative
positive,"విద్యార్థులకు రుచి కరమైన భోజనం కో సం సన్న బియ్యం, కుటుంబంలో ప్రతి ఒక్కరికీ 6 కిలోల బియ్యం పంపిణీ చేస్తుందని చెప్పారు.", negative
neutral,"మలేసి యా, వియత్నాం, తెవాన్, బ్రూనై, ఫిలిప్పీన్స్ దేశాల తలరాత మార్చేయగలిగి నంత చమురు సంపద వాటి తీరాల్లో ఉంది.", negative
neutral,అరవింద్ సుబ్రమణియన్ను ఆర్థిక శాఖ ముఖ్య ఆర్థిక సలహాదారు పదవి నుంచి తొలగించాలని కూడా స్వామి డిమాండ్ చేస్తున్నారు., negative
neutral,"తర్వాత బెల్లంపల్లిలో సభ్యత్వ నమోదుకు హాజరై, ఆసిఫాబాద్ చేరుకున్నారు.", negative
negative,శవం పూర్తిగా కుళ్లిపోవడంతో గుర్తుపట్టటేని స్థితిలో ఉండడంతో రాత్రి పంచనామా చేసే అవకాశం లేకుండాపోయింది., negative
positive,వీటన్నింటిని దృష్టిలో ఉంచుకుని ఈ సమీకృత సమాచార వ్యవస్థను రూపొందించారు., negative
positive,వారి సమస్యలను పరిష్కరిస్తానని గ్రామస్తులకు ఎమ్మెల్యే హామీ ఇచ్చారు., negative
negative,పశ్చిమబెంగాల్లో తొలివిడత పోలింగ్ జరగబోతున్న తరుణంలో సంభవించిన ఈ దుర్ఘటన అధికారపక్షాన్ని బాగా ఇరుకున పడవేసింది., negative
positive,"అన్ని వివక్షలనూ దూరం చేసుకొని, పరివర్తనతో ఆధునికమవుతూ సర్వజనామోదంగా సాగినప్పుడు దాని మనుగడకు తిరుగుండదు.", negative
positive,ప్రధాని నరేంద్రమోడీ మంత్రివర్గ విస్తరణ ద్వారా పార్టీపైనా ప్రభుత్వం పైనా తనకున్న పట్టును మరోమారు నిరూపించుకున్నారు., negative
negative,"ఈ రాత్రి సదస్సు భారత సభ్యత్వంపై ప్రత్యేక చర్చ చేసినప్పటికీ, మళ్ళీ ఎన్పీటీ (అణ్వస్త్రవ్యాప్తి నిరోధక ఒప్పందం) చుట్టే తిరుగుతున్న కారణంగా ఏకాభిప్రాయానికి రాలేకపోయిందని సమాచారం.", negative
positive,"అలాగే, రెండవ ప్రపంచయుద్ధ కాలంనాటి పరిస్థితులను చక్కగా తెరకెక్కించి, కుల మతాల కంచెను కూల్చాలన్న చక్కని సందేశాన్ని తన ‘కంచె’ చిత్రంతో సమాజానికి అందించిన క్రిష్ అభినందనీయులు.", positive
negative,"దహెగాం మండలంలో వైద్యులు సమయానికి రావడం లేదని జెడ్పీటీసీ సభ్యురాలు సుజాత తెలుపగా, పీహెచ్సీల్లో విధులు నిర్వహిస్తున్న వైద్యులు వేరే జిల్లాలకు వెళ్లిపోతున్నారని పలువురు సభ్యులు మంత్రుల దృష్టికి తీసుకువచ్చారు.", negative
negative,"విద్యార్థులకు సరిగ్గా భోజనం పెట్టడం లేదని వచ్చిన వార్త కథనాలపై స్పందించి ఆయన, బాసర ట్రిపులైటీని ఆదివారం మధ్యాహ్నం ఆకస్మికంగా తనిఖీ చేశారు.", negative
positive,"రాబోయే ఐదేళ్ళలో చిన్న ఉపగ్రహాలు, నానో ఉపగ్రహాల డిమాండ్ రెండురెట్లు దాటిపోతుందని అంచనా.", negative
positive,గ్రామ సమస్యలను సర్పంచ్ సాయారెడ్డి మంత్రి దృష్టికి తేగా నిధులు మంజూరు చేస్తామన్నారు., negative
positive,"రెండో విడత పల్స్ పోలియో కార్యక్రమాన్ని జిల్లాలో వం ద శాతం పూర్తయ్యేలా ప్రతి సర్పంచ్, ఎంపీటీసీ, ఎంపీపీలు, జెడ్పీటీసీలు, ఇతర ప్రజాప్రతినిధులు సహకరించాలని కోరారు.", negative
negative,ఆ ఎన్నికల్లో భారతీయ జనతా పార్టీ ఘోర ఓటమి చవిచూసింది., negative
positive,మరణించిన రైతుల స్థానంలో తమ వారసుల పేరట అదే సర్వే నంబర్తో పహణి పత్రికలు ఇచ్చినా రుణ మాఫీ వర్తింపజేయాలని కూడా ప్రభుత్వం ఆదేశించింది., negative
positive,అరవింద్ కేజ్రీవాల్ ఆధ్వర్యంలోని ఆమాద్మీ పార్టీ ఘన విజయం సాధించింది., negative
neutral,ఇలాంటి వాటన్నింటికి కేంద్రం అంగీకరించింది., negative
positive,మలివిడత పల్స్పోలియోను 22న విజయవంతంగా నిర్వహించాలని కలెక్టర్ డా. ఎం.జగన్మోహాన్ అధికారులను ఆదేశించారు., negative
neutral,"దేశంలో స్థూలంగా భావ స్వేచ్ఛమీద, పరువునష్టం కేసుల ద్వారా కాక ఇతరమార్గాలలో, జరుగుతున్న దాడులను న్యాయవ్యవస్థ గుర్తించవలసి ఉన్నది.", negative
neutral,"ఉత్తరకొరియాను బహువిధాలుగా బలహీనపరచి, అంతిమంగా ఇరాక్ మాదిరిగానే యుద్ధంతో ఆ ప్రాంతాన్ని తనగుప్పిట్లోకి తెచ్చుకోవడానికి రంగం సిద్ధం చేస్తున్నట్టు కనిపిస్తున్నది.", negative
positive,దీంతో జిల్లాలో వ్యవసాయాన్ని అభివృద్ధి చేయాలని ప్రభుత్వం నిర్ణయించుకుంది., negative
positive,అంటే ఇప్పటకే ఉన్న 6 పోస్టులలో కలిపి ఇపుడు 21 హార్టికల్చర్ పోస్టులు జిల్లాలో ఉండబోతున్నాయి., negative
neutral,ఈ క్రమంలో పలు పేర్లు ప్రస్తావనకు వచ్చాయి., negative
neutral,సిరియాలో అయితే ఈ కారణంగా 2011లో ప్రారంభమైన అంతర్యుద్ధం ఇప్పుడు కీలక దశకు చేరుకున్నది., negative
positive,"దాదాపు 1300 కేజీల బరువును అంతరిక్షంలోకి తీసుకుపోయి, అందులో 725 కేజీలున్న మన కార్టోసాట్ను, చెన్నై సత్యబామా యూనివర్సిటీకీ, పూనే ఇంజనీరింగ్ కాలేజీకి చెందిన రెండు ఉపగ్రహాలను, అమెరికా, కెనడా, జర్మనీ, ఇండోనేషియాలకు చెందిన మిగతా 17 ఉపగ్రహాలను కక్ష్యలో ప్రవేశపెట్టి పీఎసఎల్వీ తన ముప్పైనాల్గవ ప్రయాణాన్ని ఇలా విజయవంతంగా పూర్తిచేసింది.", positive
neutral,అప్పటికి ఎనిమిదేళ్ళుగా వారు చేస్తున్న పోరాట ఫలితం అది., negative
positive,"న్యాయమూర్తి తన తీర్పులో మహిళలకు సుదీర్ఘకాలంపాటు ఆస్తిహక్కు, యాజమాన్య హక్కు దక్కకపోవడానికి కొన్ని కారణాలను చెబుతూ, ఇప్పుడు మహిళల చైతన్యానికి సంబంధించీ, పెరిగిన అవకాశాల గురించీ ప్రధానంగా ప్రస్తావించారు.", negative
positive,"ఏటా 36 బిలియన పౌండ్ల ఆదాయాన్ని కోల్పోతూ ఆర్థిక సంక్షోభంలోకి జారిపోతుంది, అభివృద్ధి వేగం అమాంతం మందగిస్తుంది’ అని అధికారపక్షం ప్రజలకు నచ్చచెబుతున్నది.", negative
positive,"టెన్నిస్లో సానియా మీర్జా, క్రికెట్లో భారత మహిళా క్రికెటర్లు సువర్ణాక్షరాలతో లిఖించదగ్గ విజయాలను అందించారు.", positive
positive,పైగా ఏదైనా ఒకే అంశంపై త్రివిధ దళాలు పని చేయాల్సి వస్తే ఒకే సమాచారం మూడు కోణాల్లో సేకరించి విశ్లేషించుకోవాల్సి ఉంటుంది., negative
neutral,ముఖ్యపాత్ర అయిన పొన్న ఈ విధానంలో సంతానవతి కావాలా వద్దా అన్న తీవ్ర కుటుంబ సంఘర్షణకు ఈ నవల అద్దంపడుతుంది., negative
positive,"వైద్య,ఆరోగ్యశాఖ,రక్షిత నీటి సరఫరాల శాఖ,అంగన్వాడీ,పంచాయతీరాజ్,హౌసింగ్,ఏజెన్సీ విద్యాశాఖ,సమన్వయంతో పథకాన్ని అమలు చేయనున్నారు.", positive
positive,"రూ. 25 వేల రుణంపై 24 వాయిదాలు, 50 వేలు తీసుకుంటే రూ. 36 వాయిదాలు, రూ. లక్ష తీసుకుంటే 60 వాయిదాల్లో చెల్లించుకునే అవకాశం కల్పించారు.", negative
neutral,వచ్చే ఎన్నికల నాటికి 80 శాతం ప్రజలు తమ పార్టీతో ఉండాలని తాజాగా ఆయన ప్రకటించారు., negative
negative,"అలాగే, బీమా వర్తింపచేసే యూనిట్ విషయంలోనూ వివాదం మిగిలే ఉంది.", negative
neutral,ఇస్లామిక్ స్టేట్ ఉగ్రవాదుల అడ్డాగా మారి ఉన్న సిరియాతో సుదీర్ఘమైన సరిహద్దును ఆనుకుని ఉండటం వల్ల టర్కీలోకి ఇస్లామిక్ స్టేట్ ఉగ్రవాదులు ఎంతో సులభంగా ప్రవేశించేందుకు అవకాశం ఉంది., negative
neutral,అనంతరం జైత్రంతండా గ్రామంలోని పాఠశాలల్లో సోలార్ తాగునీటి ప్లాంట్ను ప్రారంభించారు., negative
neutral,పాకిస్తాన్ సైన్యం అండదండలతోనే అక్కడి ఉగ్రవాదులు తరచూ సరిహద్దులు దాటి భారత్లోకి అక్రమంగా చొరబడుతున్నారు., negative
positive,అధికారాన్ని పంచుకుంటున్న రెండు పార్టీలూ సమబాధ్యతతో ప్రజామోద పరిష్కారమార్గాలు అన్వేషించ తప్పదు., negative
negative,"ఈ దుర్ఘటనలో కుట్రలూ, వెన్నుపోట్ల ఊహాగానాలూ జోరుగా సాగుతున్నాయి.", negative
positive,వివిధ ప్రాంతాల నుంచి వచ్చే అర్జీలతో ప్రజల ఎదుర్కొంటున్న సమస్యలను తెలుసుకోవచ్చని అన్నారు., negative
neutral,"ప్రతి నెలాఖరు ఆదివారాన్ని ఇందుకు కేటాయించిన కారణంగా, గాంధీ వర్ధంతితో ముడిపడిన ప్రస్తావనలు కొన్ని ఆయన ఆ మరునాడు చేయవలసి వచ్చింది.", negative
neutral,"ఈ కమిటీ వివిధ విద్యాసంస్థలు, రాష్ట్రాల అధికారులు, జాతీయ సంస్థలతో విస్తృత సంప్రదింపులు జరిపింది.", negative
positive,ఇది వినడానికి మహాద్భుతమైన ఆలోచనగా ఉంది., negative
positive,"బీజేపీ నాయకుడు నితిన్ గడ్కరీ మీద ఆయన తీవ్ర ఆరోపణలు చేశారు. పరువు నష్టం కేసులు ఎదుర్కొంటున్న ఈ ముగ్గురూ వేర్వేరుగా, శిక్ష్మాస్మృతి 499, 500 సెక్షన్లను సవాల్చేస్తూ సుప్రీంకోర్టును ఆశ్రయించారు.", negative
neutral,మొత్తానికి ఈ పథకంలో కదలిక వచ్చింది., negative
positive,కులవ్యవస్థను సౌకర్యవంతంగా పక్కనబెట్టిన జాతీయోద్యమ ఎజెండాను సవాల్ చేసిన వ్యక్తి అంబేద్కర్., positive
positive,"దాదాపు 400 వందల ఇళ్లు సోదా చేసి వాహన పత్రాలు లేని 12 బైక్లు , 3 ఆటోలు సీజ్ చేశామన్నారు.", negative
neutral,అయితే ఇప్పుడు భారత్లోకి చొరబడిన ఉగ్రవాదులు ఎవరూ కూడా అక్కడ ఉండటం లేదట., negative
neutral,"లార్డ్ మెకాలే నూటయాభై అయిదేళ్ళ క్రితం రాసిన భారతీయ శిక్షాస్మృతిలోని 377వ సెక్షన, స్వలింగసంపర్కాన్ని జీవితఖైదు విధించేంత శిక్షార్హమైన నేరంగా ప్రకటించింది.", negative
neutral,"జిఎస్టి అమలులోకి వస్తే దేశవ్యాప్తంగా అన్ని వస్తువులు, ఉత్పత్తులు, సేవలపై 16 నుంచి 20 శాతం వరకు పన్ను ఉంటుంది.", negative
neutral,ఇప్పటికే శరణార్ధుల రూపంలో టర్కీలోకి ప్రవేశించిన ఇస్లామిక్ స్టేట్ ఉగ్రవాదులు లెక్కకు మించిన స్లీపర్ సెల్స్ను తయారు చేసుకుని ఉన్నారు., negative
neutral,కేవలం ప్రభుత్వం ఒక్కటే ఈ ప్రయత్నం చేస్తే లాభంలేదు., negative
positive,"అప్పారావు తన పదవికి రాజీనామా చేయడం కానీ, మరో పదవిలో చేరడం కానీ జరగలేదు కనుక, తన సెలవు ముగుస్తున్నప్పుడు తిరిగి విధుల్లోకి చేరాలనుకోవడం సాంకేతికంగా సబబే కావచ్చును.", negative
negative,అయితే దీనికి ఎవరి నుంచి ఎలాంటి స్పందన రాలేదు., negative
neutral,ఇంతకుముందు గుడిహత్నూర్ కేంద్రంగా పనిచేసిన హెచో పోస్టును ఇంద్రవెల్లికి మార్చి కొత్తగా ఇచ్చోడలో హెచో పోస్టులను నియమించారు., negative
negative,"దీంతో లారీ వెనకాల నుంచి వస్తున్న ద్విచక్ర వాహనం లారీ వెనకాల బలంగా ఢీ కొట్టడంతో వాహనం నడుపుతున్న నరేశ్ ఛాతికి, తలకు తీవ్ర గాయాలయ్యాయి.", negative
neutral,"ఎసెఫై రాష్ట్ర మహాసభలకు ముఖ్య అతిథులుగా ఎసెఫై అధ్యక్షుడు శివదాసన్, సీపీఎం మాజీ ఎమ్మెల్యే జూలకంటి రంగారెడ్డి, రాష్ట్ర మంత్రి జగదీష్రెడ్డి, ఎమ్మెల్సీ నాగేశ్వర్ రెడ్డి, డా.పల్ల రాజేశ్వర్రెడ్డి, డా.అందె సత్యం, ఎసెఫై మాజీ రాష్ట్ర అధ్యక్షుడు ఎస్ వీరయ్య పాల్గొంటున్నారని పేర్కొన్నారు.", negative
neutral,ప్రస్తుతం ఉన్న రాజకీయ వ్యవస్థను సమూలంగా మార్చివేయడం పేరిట రామ్వృక్ష్ యాదవ్ స్థానిక యువకులకు ఆయుధ శిక్షణ ఇస్తున్నాడు., negative
positive,"విద్యుత్ వసతి,పంటలను సాగునీరు,పక్కా గృహాలు,సౌకర్యాలను పూర్తిస్థాయిలో కల్పిస్తారు.", negative
neutral,"పార్లమెంటరీ కార్యదర్శి కోవలక్ష్మి, పురాణం సతీశ్, జిల్లా పరిశీలకుడు అక్బర్ మాట్లాడుతూ కేసీఆర్కు ప్రజల కష్టసుఖలు తెలుసుననీ, ఆయనతోనే ప్రజాసమస్యల పరిష్కారం సాధ్యమవుతుందని ధీమా వ్యక్తం చేశారు.", negative
neutral,పశ్చిమాసియాలో సిరియా వ్యూహాత్మకంగా చాలా కీలక స్థానంలో ఉంది., negative
neutral,"ఈ సందర్భంగా మంత్రులు మాట్లాడుతూ ఆదిలాబాద్ అన్ని జిల్లాల్లా కాదని, ఇక్కడ విధులు నిర్వహించాలంటే చాలా ఓపిక అవసరమన్నారు.", negative
neutral,"భారీయెత్తున దేవుడి విగ్రహాల నిమజ్జనం, నదీతీరాల్లోనే అంత్యక్రియల నిర్వహణ, పశు కళేబరాల్ని, కాలీకాలని మృతదేహాల్ని ప్రవాహ జలాల్లోకి తోసివేయడం, కుంభమేళాల లాంటి భారీక్రతువుల ముందూ తరవాతా సరైన పారిశుద్ధ్య చర్యలు చేపట్టకపోవడం లాంటివి భారతీయ నదుల్ని మురికి కాలువల స్థాయికి దిగజారుస్తున్నాయి.", negative
negative,ఇది అక్కడి భద్రతాదళాలకు ప్రధాన సమస్యగా మారింది., negative
neutral,పోయేదీ గానీ ఏమీ వుండదు., negative
positive,"మంచిర్యాల డివిజన్ ఫ్లయింగ్ స్కాడ్ డీఎఫో రవిప్రసాద్,నిర్మల్ డివిజన్ ఫ్లయింగ్ స్కాడ్ డీఎఫో జి రవీందర్ మెదటి రోజు అటవీశాఖ చట్టాలు,వన్యప్రాణుల వేట,అక్రమ కలప ర వాణా,అరికట్టడంపై వివరించారు.", negative
neutral,అనంతరం కార్యాలయం ఎదుట ధర్నాకు దిగారు., negative
negative,గిరి ప్రగతిపై ప్రతి 3 నెలలకోసారి జరగాల్సిన ఐటీడీఏ పాలకవర్గ సమావేశం 17 నెలలుగా జాడలేకుండా పోయింది., negative
neutral,‘ఈజ్ ఆఫ్ డూయింగ్ బిజినెస్’ విధానంలో పరిశ్రమలకు అనుమతులిచ్చే కాలపరిమితిని 21 రోజుల నుంచి 14 రోజులకే కుదిస్తున్న ప్రభుత్వం ఈ ప్రాంతాలకోసం ప్రత్యేక విధానాన్ని అమలుచేయవలసి ఉంది., negative
neutral,గత కొద్ది కాలంగా ఇస్లామిక్ రాడికల్స్ అనే సంస్థ ఒకటి ఫ్రాన్స్లో చురుకుగా పని చేస్తున్నది., negative
negative,"అయితే, ఈ సమావేశం చైనా ఒక్కటే భారతకు మోకాలడ్డుతున్న విష యాన్ని స్పష్టంగా తేల్చింది.", negative
negative,మోదీ ప్రభుత్వం ఎఫ్డీఐ పాలసీ ప్రకటనకు రాజన్ తక్షణ కారణం కాకపోవచ్చు కూడా., negative
negative,తనకు నామినేషన్ దక్కకుండా కుట్రలు పన్నితే రక్తపాతమేనని రెండునెలల ముందే హెచ్చరించాడు., negative
positive,ఈ సందర్భంగా ఎస్పీ మాట్లాడుతూ పోలీస్స్టేషన్లో ఫిర్యాదులు ఇవ్వడానికి వచ్చిన మహిళలపై గౌరవప్రదంగా ఉండాలని సూచించారు., negative
positive,రాత్రి 12 గంటలకు దుకాణాలు మూత పడాల్సిందే., negative
neutral,"కులవ్యవస్థ శ్రమవిభజన మాత్రమే కాదని, అది శ్రామికుల విభజన కూడా అనీ, ఒకే కుల అస్తిత్వంలో వర్గవిభజనలు, ఒకే వర్గం వారి నడుమ కుల విభజనలు ఉంటాయనీ ఆయన చేసిన సూత్రీకరణలు భారత దేశ సామాజిక విప్లవానికి గొప్ప సైద్ధాంతిక చేర్పు.", positive
neutral,"అలాగే, మహిళను ఉమ్మడి కుటుంబ కర్తగా నిర్థారించలేమని కూడా వ్యాఖ్యానించింది.", negative
neutral,మంచిర్యాల పట్టణంలోని గిరిజన బాలికల ఆశ్రమ పాఠశాలలో నిర్వహించిన జయంతికి గిరిజన సంక్షేమ ఉద్యోగుల సం ఘం అధ్యక్షుడు నైతం లక్ష్మణ్ పాల్గొన్నారు., negative
negative,పాకిస్థాన పాత్ర ప్రత్యక్షంగా రుజువైన ముంబై దాడుల సందర్భంలోనూ అప్పటి ప్రభుత్వం ఇంతటి తీవ్ర నిర్ణయాన్ని తీసుకోలేదు., negative
neutral,ఎల్నినో వంటి ఉత్పాతాలు ఊతాన్నిస్తున్నాయి., negative
negative,"ఇష్రత జహాన లష్కరే తోయిబా ఉగ్రవాదా, కాదా?, అఫిడవిట్ను చిదంబరమే స్వయంగా మార్చారా లేదా? అన్న ప్రశ్నలు మాత్రమే ఇప్పుడు ప్రధానంగా ముందుకు వస్తూ, ఇష్రత జహాన్ ఎన్కౌంటర్ నకిలీదా కాదా? అన్న ప్రధానమైన ప్రశ్న వెనక్కుపోతున్నది.", negative
neutral,అమెరికాతో మరింత సాన్నిహిత్యాన్ని పెంచుకొని చైనాకు బుద్ధిచెప్పాలన్న వాదన ఇంకా బలపడుతున్నది., negative
neutral,అయితే అణ్వాయుధాల వ్యాప్తి నిరోధక ఒప్పందంపై సంతకాలు చేయనందున అణుసరఫరాదారుల కూటమి (ఎనెస్జి)లో భారత్కు సభ్యత్వం ఇవ్వరాదని చైనా తాజాగా సియోల్లో జరిగిన కూటమి సమావేశంలో మోకాలడ్డింది., negative
negative,"ఫిరాయింపుల గురించి, అసాధారణ పద్ధతులలో బలాన్ని పెంచుకునే ప్రయత్నాల గురించి విమర్శించి ఉపయోగం లేదు.", negative
negative,రావణకాష్టంలా కాలుతున్న ఈ సమస్యతో బాటు సిరియాలో పాగావేసి ఉన్న ముస్లిం నాయకులు కొందరు పార్టీ ఫర్ డెమెక్రటిక్ యూనిటీ పేరుతో నడుపుతున్న ఒక రాజకీయ పార్టీ అక్కడి ప్రజా ప్రభుత్వానికి -1 కొత్త చిక్కులు సృష్టిస్తున్నది., negative
negative,"ఈ వైర్సతో పాటుగా అనేక భయానకమైన వ్యాధులను మోసే ‘ఈడిస్ ఈజిప్టీ’ రకం దోమలు మూడు దశాబ్దాల కాలంలో బలపడి విస్తరించినట్టే, గత కొద్ది దశాబ్దాల్లో వాతావరణంలో వచ్చిన పెనుమార్పులు కొత్త కొత్త వ్యాధులకు దోహదపడుతున్నాయి.", negative
neutral,ఎలాంటి వాహనమైనా 40 కి.మీ. కంటే వేగం వెళ్లకూడదు., negative
neutral,మత ప్రాతిపదికన మనుషుల్ని రెచ్చగొట్టే ఉగ్రవాదం ఏదైనా అది ప్రపంచానికి ప్రమాదకారి అనే విషయాన్ని అందరూ గుర్తించాలి., negative
neutral,"దేశంలోనే అత్యంత ప్రభావితమైన, జాతీయ క్రీడను మించిన ప్రజాదరణ ఉన్న క్రీడను శాసించే బోర్డుకు అధ్యక్షుడిగా ఉన్న దాల్మియాకు చివరిరోజుల్లో అనారోగ్యంతో నోటమాట రాని పరిస్థితి.", negative
negative,విభిన్న జాతుల మిశ్రమ సమాజం ఇప్పుడు అనుమానాలతో సతమతమైపోతున్నది., negative
positive,"శంకుస్థాపనలు, ప్రారంభోత్సవాలు..చెన్నూర్ పట్టణంలో చేపట్టిన పలు అభివృద్ధి , చేపట్టబోయే అభివృద్ధి కార్యక్రమాలను పెద్దపల్లి ఎంపీ బాల్కసుమన్, ప్రభుత్వ విప్, ఎమ్మెల్యే నల్లాల ఓదెలు శనివారం ప్రారంభోత్సవాలు, శంకుస్థాపనలు చేశారు. రూ . 22లక్షలతో చేపట్టబోయే పెద్ద చెరువు ఎడుమ కాలువ మరమ్మతు పనులకు, రూ .33లక్షలతో జడ్పీ బాలికల ఉన్నత పాఠశాల లో నిర్మించే అదనపు తరగతి గదుల నిర్మాణానికి వారు శంఖుస్థాపనలు చేశారు.", negative
negative,"దీనిని సమాజం విశ్వసించి, రేగిన ఆగ్రహం చప్పున చల్లారిపోతుందన్న నమ్మకంతో వారు ఆ పనిచేశారో లేదో తెలియదు కానీ, ఈ చర్య ఇంకా బెడిసికొట్టింది.", negative
positive,"ఈ టెండర్లలో 72,75,710 ఆదాయం సమకూరినట్లు ఆల య ఈఓ ముత్యాలరావు తెలిపారు.", negative
positive,దవావోలో 24 గంటలూ పనిచేసే డ్రగ్ రిహాబిలిటేషన్ సెంటర్ను ఏర్పాటు చేశాడు., negative
negative,వేర్పాటువాదులు భారత ప్రభుత్వానికి వ్యతిరేకంగా బహిరంగంగా మాట్లాడటమే కాకుండా పాకిస్తాన్ జెండాలను కాశ్మీర్ లోయలో ఎగురవేస్తున్నారు., negative
neutral,ప్రజలు ఎన్నుకున్న ప్రభుత్వం అక్కడ ఉన్నా కూడా రాజకీయ శూన్యత ఏర్పడటం ఒక రకంగా ఆశ్చర్యం కలిగించే విషయమే., negative
negative,"అణుసరఫరా దేశాల గ్రూప్ (ఎనెస్జీ) వ్యవహారంలో వైఫల్యం కంటే, దానికి పాలకపక్షం ఇచ్చిన అధిక ప్రాధాన్యం, విస్తృత ప్రచారం ఇప్పుడు సభలో విమర్శలకు వీలుకల్పిస్తున్నది.", negative
neutral,నీటి పంపులకు మీటర్లు బిగిస్తామన్నారు., negative
positive,పేదలను విస్మరించకండి అని పలుమార్లు ప్రాధేయపడ్డారు., negative
neutral,"కరువు అట్లానే ఉన్నదా, నిర్బంధం పరిస్థితి ఏమిటి, పల్లెల్లో మనుగడలను సానుకూలం చేసే ప్రయత్నాలు సాగుతున్నాయా? - వీటిని గురించి కూడా చర్చించాలి.", negative
neutral,వరుసగా అదే పనిచేస్తే డిడిఎస్ రంగంలోకి దిగుతుంది., negative
positive,"పోలీసులు ప్రజల వద్దకు వెళ్లి,వారి సమస్యలను తెలుసుకోవాలని ఎస్పీ తరుణ్జోషీ సూచించారు.", negative
positive,భక్తులకు ఎలాంటి ఇబ్బందులు లేకుండా ప్రణాళికలు సిద్ధం చేస్తామన్నారు., negative
positive,మందమర్రిలో పారిశుధ్యం కోసం ప్రత్యేక శ్రద్ధ తీసుకుంటున్నామన్నారు., negative
positive,దవావోలో బహిరంగంగా ఎవరైన ధూమపానం చేస్తే మొదటిసారి అయితే ఇరవై వేల వరకు ఫైన వేస్తారు., negative
positive,55 ఏళ్లు నిండిన ప్రతి కార్మికుడికి రూ.3 వేలు ఇవ్వాలని డిమాండ్ చేశారు., negative
neutral,అందువల్ల చాలా మేరకు వస్తువుల ధరలు (పన్నులు) తగ్గే అవకాశం కలుగుతుంది., negative
neutral,"అసియా వాయువ్య భాగంలో ఐరోపాకు దక్షిణంగా నెలకొని ఉన్న టర్కీకి చారిత్రక, భౌగోళిక ప్రాధాన్యత ఉంది.", negative
neutral,ఆ తర్వాత సిబిఐ దర్యాప్తు చేపట్టడం ప్రధాని కార్యాలయంలో కొన్ని ఫైళ్లు మాయం కావడంతో మన్మోహన్ సింగ్నే అందరూ అనుమానించారు., negative
neutral,ఆ క్రమంలో మిత్రదేశమైన సిరియాపై పట్టు బిగించడం కీలకమని భావిస్తోంది., negative
neutral,ఇలా పోటీ చేస్తున్న నాలుగు పార్టీలకూ జీవన్మరణ సమస్యగా మారినందునే ఉత్తరప్రదేశ్ అసెంబ్లీ ఎన్నికలు దేశం దృష్టిని ఆకర్షిస్తున్నాయి., negative
neutral,చీరల టెండర్లలో రింగ్ అయ్యే అవకాశాలు ఉన్నాయని పలువురు ఆరోపిస్తున్నారు., negative
neutral,శనివారం హైదరాబాద్లో కేంద్ర కార్మిక శాఖ మంత్రి బండారు దత్తాత్రేయను ఆయన నివాసంలో ఎస్పీఎం పరిరక్షణ కమిటీ నాయకులు కలిసి వినతి పత్రం అందజేశారు., negative
positive,"అలాగే డిస్ట్రిబ్యూటర్, డీలర్లు సైతం ఈ బ్యాచ్కు చెందిన పురుగు మందులను విక్రయించరాదని, దుకాణాల్లో నిలువ ఉంచరాదని ఆయన స్పష్టం చేశారు.", negative
positive,అంటే అన్ని విధాలుగానూ మన దేశానిదే పై చెయ్యి అనడంలో ఎలాంటి సందేహం లేదు., negative
negative,ఇటీవలి కాలంలో జాతి ఐక్యతకు భంగం కలిగించే ఇలాంటి సంఘటను పెరగడమే దురదృష్టకరం., negative
neutral,"ఆరెస్సెస్, వీహెచపీ పట్ల ఆమె చూపుతున్న విధేయతకు సంకేతంగా కొందరు దీనిని విశ్లేషిస్తున్నారు.", negative
negative,మండలంలో బియ్యం పంపిణీకి ఆర్వోలు అలస్యంగా విడుదల చేసిన తహసీల్దార్ స్వయంగా చర్యలు తీసుకోవాలంటూ ఉన్నతాధికారులకు ఫిర్యాదు చేశారు., negative
neutral,"ఎంటీసీఆర్లో ప్రవేశం సునాయాసంగా జరిగినా, న్యూక్లియర్ సప్లయర్స్ గ్రూపులోకి అడుగుపెట్టడం భారతదేశానికి అంత సులభం కాదన్నది ఎప్పటినుంచో అంటున్నదే.", negative
positive,"అణ్వాయుధాల వ్యాప్తి నిరోధం ఒప్పందంపై భారత్ ఆనాటి నుంచి ఇప్పటి వరకూ కూడా ఎవరు వత్తిడి తీసుకువచ్చినా, దేశంలో ఎందరు ప్రధానులు మారినా సంతకం పెట్లలేదు.", negative
neutral,"కశ్మీరీ ప్రజలు చట్టబద్ధ పద్ధతుల ద్వారా, చర్చలద్వారా, తమ రాజకీయ నాయకుల ద్వారా ఆకాంక్షల పరిపూర్తిని కోరుకోవాలని కూడా ఆమె పిలుపునిచ్చారు.", negative
neutral,దక్షిణ చైనా సముద్రం పై పట్టు కోసం చైనా మరింత దూకుడుగా వ్యవహరిస్తోంది., negative
positive,"భూమి లేని నిరుపేదలు, ఒంటిరి స్త్రీలు, వికలాంగులు, జోగీనిలు, వెట్టి చాకిరి నుంచి విముక్తి పొందిన కార్మికులకు, స్కావెంజర్లకు మొదటి ప్రాధాన్యత ఇస్తున్నారు.", negative
positive,"బ డుగు, బలహీన వర్గాలకు విద్యను అందించడంలో సర్కా రు విద్యా వ్యవస్థను పటిష్ఠ పర్చాలని డిమాండ్ చేశారు.", negative
neutral,"క్షిపణుల వ్యాప్తిని, పూర్తిస్థాయి రాకెట్ వ్యవస్థల్ని నిరోధించడం, సామూహిక హననానికి ఉపయోగపడే ఆయుధాలను నియంత్రించడం వంటివి ఈ వ్యవస్థ లక్ష్యాలు.", negative
positive,చెరువుల పునరుద్ధరణ పనులు పూర్తయితే రైతులకు సాగునీరు అందుతుందని తెలిపారు., negative
neutral,టోర్నీ ఆసాంతం అమోఘంగా రాణిస్తూ ఫైనల్కు చేరిన ఆతిథ్య జట్టు తుది మెట్టుపై బోల్తాపడి రన్నరప్తో సరిపెట్టుకుంది., negative
neutral,ఆంధ్రా సీఎం చంద్రబాబు తెలంగాణకు విద్యుత్ సమస్యను జఠిలం చేస్తున్న మాట్లాడని ఆ పార్టీ నాయకులు టీఆరెస్పై విమర్శలు చేసే నైతిక హక్కు లేదన్నారు., negative
neutral,"పెరుమాళ్ మురుగన్ వివాదాస్పద రచన ‘మధోరు బగన్’ను తాము ఎంతగానో ఆస్వాదించామని న్యాయమూర్తులు ఎస్.కె.కౌల్, పుష్పా సత్యనారాయణలు ప్రకటించారు.", negative
neutral,ఢిల్లీ అసెంబ్లీ ఆమోదించి పంపిన 14 బిల్లులను చట్టంగా చేయకుండా ఏడాది పాటు పెండింగులో పెట్టుకుని కేంద్ర ప్రభుత్వం తాజాగా తిప్పి పంపేసింది., negative
neutral,"అందువల్ల, జమాత ఉల్ ముజాహిదీన్ సంస్థే ఇందుకు కారణమని బంగ్లాదేశ్ బల్లగుద్దినా, స్వయంగా పాలకపక్ష అవామీలీగ్ నాయకుడి కుమారుడే ఉగ్రవాది అని విపక్షాలు విమర్శిస్తున్నా ప్రధానమైన అంశం ఉగ్రవాదంవైపు యువతరం ఆకర్షితులు కావడం.", negative
neutral,"ఈ సమావేశంలో నీటి పారుదల శాఖ ఇన్చార్జి ఎసీ బీవీ రమణారెడ్డి, సీడబ్ల్యూసీ సభ్యులు వెంకటేశ్వర్లు, సెంట్రల్ వర్క్బోర్డు సైంటిస్టు రఫియొద్దీన్, ఆర్డబ్ల్యూఎస్ ఈఈ సిరాజుద్దీన్, ఇతర శాఖల అధికారులు ఈ సమావేశంలో పాల్గొన్నారు.", negative
negative,"షారూక్, సల్మాన్, కలర్స్ ఛానల్, 'బిగ్బాస్ 9' దర్శకనిర్మాతలపై ఉద్దేశపూర్వకంగా మతపరమైన మనోభావాలను దెబ్బతీశారంటూ వివిధ సెక్షన్ల కింద ఎఫైఆర్ నమోదు చేయాలని న్యాయవాది గౌరవ్ గులాతి అప్పట్లో రూప్నగర్ పోలీసు స్టేషన్లో ఫిర్యాదు చేశారు.", negative
neutral,"అంబేడ్కర్ పేరే ఒక సంకల్పమంటూ, ఆయన స్వగ్రామంలో ‘గ్రామ్ ఉదయ్సే భారత ఉదయ్ అభియాన’ను ప్రధాని ప్రకటించారు.", negative
neutral,ఉత్తరప్రదేశ్ అసెంబ్లీ ఎన్నికలు బిజెపికి జీవన్మరణ సమస్య., negative
positive,పౌరాణిక పాత్రలకు ప్రాణంపోసిన ఎన్టీఆర్కు సమఉజ్జీగా నువ్వానేనా అన్నట్టుగా నటించి ప్రేక్షకుల మన్ననలు పొందిన నటుడు ఎస్వీ రంగారావు., negative
negative,ఇప్పుడు సైనిక తిరుగుబాటుకు ఇలాంటివన్నీ కారణాలే!, negative
negative,"ఇంత పెద్ద ఎత్తున పిల్లల ప్రాణాలు తీసుకుంటున్న వ్యాధులేమీ భయానకమైనవీ, నివారించలేనివీ కావు.", negative
neutral,"వివిధ కారణాలతో ఇరాక్, సిరియా దేశాల్లో ఉగ్రవాద కార్యకలాపాల్లో పాల్గొన్న అనేక మంది యువకులు తిరిగి ఫ్రాన్స్కు వచ్చేశారు.", negative
negative,అరవైశాతం జనాభా వ్యవసాయంపై ఆధారపడి ఉన్న దేశంలో దీని పర్యవసానాలు ఎంతదారుణంగా ఉంటాయో విడిగా చెప్పనక్కరలేదు., negative
negative,"సరితా, షాలూ మీనన్లు ప్రధాన పాత్రధారులుగా ముఖ్యమంత్రి చాందీ కార్యాలయ అధికారులతోనూ, రాజకీయ ప్రముఖులతో లోపాయికారీ సంబంధాలు కొనసాగించారు.", negative
neutral,"అమెరికాతో భారత్ పౌర అణు ఒప్పందం కుదుర్చుకున్నప్పటి నుంచి ఎక్స్పోర్ట్ కంట్రోల్స్ రిజిమ్స్ అయిన ఎనెస్జీ, ఎంటీసీఆర్ వంటి వాటిల్లో భారత్ ప్రవేశానికి ప్రయత్నాలు సాగిస్తూ వచ్చింది.", negative
neutral,"అంతర్జాతీయ మహిళా దినోత్సవాన్ని పురస్కరించుకొని దేశంలో తొలిసారిగా జరిగిన మహిళా చట్టసభ సభ్యుల జాతీయ సదస్సులో సమన్యాయం, సమానత్వం మీద ఈ దేశ పాలకులు ప్రసంగాలు చేసిన అనంతరం క్షేత్రస్థాయిలో కనిపించిన దృశ్యం ఇది.", negative
positive,అయితే హేగ్ తీర్పును అంగీకరించేదిలేదని చైనా ఇప్పటికే స్పష్టం చేసింది., negative
negative,దక్షిణ చైనా సముద్రంపై ఆధిపత్యం కోసం చెలరేగిపోతున్న చైనాకు అంతర్జాతీయ న్యాయస్థానంలో ఇటీవల చుక్కెదురైంది., negative
neutral,పార్టీపెట్టే విషమపరీక్షనూ చివరకు ఎదుర్కొనవలసి రావచ్చు., negative
negative,ఈ వ్యాజ్యంపై విచారణ చేపట్టిన ట్రిబ్యునల్ చైనాకు వ్యతిరేకంగా ఉత్తర్వులు వెలువరించింది., negative
negative,"ఉగ్రవాదులు అనుసరించిన ‘ఎంపిక’ విధానమే కొందరి ప్రాణాలు తీసి, అనేకులు బయట పడేందుకు వీలుకల్పించింది.", negative
negative,అంతేకాదు 9/11 అమెరికా ట్విన్ టవర్ల దాడికి కారణం జార్జి బుష్ చర్యలే తప్ప మరొకటి కాదనేది జకీర్ నాయక్ వాదన., negative
neutral,"మురుగన్ ఈ రచన ద్వారా ఏదో కథ చెప్పలేదనీ, సామాజిక వాస్తవాన్ని చెప్పారన్న కోర్టు వ్యాఖ్య రచయితకు విలువైన ప్రశంస.", negative
positive,పరిస్థితి తీవ్రస్థాయికి చేరడంతో ఎంఇఓ మల్లయ్య డీఈఓతో ఫోన్లో మాట్లాడి విద్యార్థులకు నాయం చేస్తామని హామీ ఇవ్వడంతో విద్యార్థులు ఆందోళన విరమించారు., negative
neutral,హిందూ దేవుళ్లు అందరూ అంతే.. తండ్రికి తెలియకుండా పుట్టిన బిడ్డలు అంటూ అపహాస్యం చేస్తాడు., negative
neutral,మన వైమానిక యుద్ధయోధుల సంఖ్య లక్షా 70 వేలు., negative
negative,కొందరు విద్యార్ధులపై బెయిల్కు వీలులేని అభియోగాలు మోపారు., negative
neutral,అందుకే హిందువుల దేవుళ్లకు తలలు ఉండవు అనే విధంగా వ్యాఖ్యాస్తాడు., negative
positive,రోడ్డు ప్రమాదాలను దృష్టిలో పెట్టుకుని పట్టణంలో వేగనియంత్రణ చట్టాలు చేశాడు., negative
neutral,సభ్య దేశాల ఆర్థికాభివృద్ధి రేట్లను సొంతంగా అంచనా వేసే ఆనవాయితీ ప్రపంచ బ్యాంకుకు లేదు., negative
neutral,ఉత్తరప్రదేశ్ రాజకీయ ప్రాశస్త్యం అలాంటిది., negative
positive,"జిల్లాలో ప్రభుత్వం జూన్, జులై నెలల్లో పాఠశాలల్లో విద్యార్థుల సంఖ్యను పెంచడానికి బడిబాట లాంటి అనేక పేర్లతో కోట్ల రూపాయలు వెచ్చించి విద్యార్థులను బడికి రప్పించేలా ఏర్పాట్లు చేస్తుంది.", negative
neutral,"ఇస్రోకు ఇంతటి ధైర్యాన్నిచ్చిన ఈ ప్రయోగం సాంకేతికంగా ఎంతటి క్లిష్టమైనదో, ఆర్థికంగా అంతటి లాభసాటిది.", positive
negative,అంకెల్లో తప్ప దేశ సంపద పెరగదు., negative
negative,"ఆ పార్టీ టీపీసీసీ అధినేత పొన్నాల లక్ష్మయ్య అటు నిర్మల్, ఇటు ఆదిలాబాద్కు వచ్చి సభ్యత్వ నమోదులో పాల్గొన్నా స్పందన కనిపించని పరిస్థితి.", negative
positive,ఈ పరిస్థితుల నడుమ రానున్న కొద్ది సంవత్సరాల్లో రెండంకెల వృద్ధి రేటును అందుకోవడానికి దూకుడుగా సంస్కరణలతో ముందుకు పోవాలని సర్వే సలహా ఇచ్చింది., negative
neutral,పేర్కొన్న 8 మినహాయింపులలో పరువునష్టం కూడా ఒకటి., negative
neutral,"తెలంగాణలో అధికార యంత్రాంగం యావత్తూ అధికార పార్టీతో పదం కలిపి సాగుతుండగా, ఏపీలో ప్రభుత్వ యంత్రాంగం నుంచి ముఖ్యమంత్రి చంద్రబాబునాయుడుకు సహాయ నిరాకరణ ఎదురవుతోంది.", negative
neutral,సిరియా నుంచి శరణార్ధుల పేరుతో వచ్చిన వారిలో ఇస్లామిక్ స్టేట్ ఉగ్రవాదులు కూడా ఉన్నారు., negative
positive,"ఈ సభ్యత్వాల మాయలో, హంగామాలో పడిపోకుండా, దేశానికి ఇవి అంతిమంగా చేకూర్చిపెట్టే లాభనష్టాలపై విస్పష్టమైన చర్చ జరగడం చాలా అవసరం.", negative
neutral,"వెల్లడించిన సమాచారం వాస్తవం అయినప్పటికీ, వెల్లడించిన ఉద్దేశ్యం సమాజశ్రేయస్సు అయి ఉండాలి.", negative
neutral,"‘నీట్’ ద్వారా పరీక్షను నిర్వహిస్తూ, దానిని పర్యవేక్షించే అధికారం తనకుందని ఎంసీఐ వాదన.", negative
negative,"పరిశ్రమలో నిలిచిపోయిన డిపార్ట్మెంట్లలోని యంత్రాలనుభూములను,విలువైన ఫ్యాక్టరీ ఆస్తులను,జనరల్ స్టోర్స్లోని ఉపయోగపడే స్పేర్ పార్ట్స్ సైతం వదలకుండా పరిశ్రమను లూటీ చేసి సొమ్ము చేసుకున్న కోట్ల రూపాయలను యజమని సొంత వ్యాపార రంగంలోకి తరలించి కంపెనీ మూసివేసేందుకు కుట్ర చేస్తున్నారని ఆరోపించారు.", negative
positive,హిజ్బుల్ ముజాహిద్దీన్కు చెందిన కరడుకట్టిన ఉగ్రవాది బుర్హాన్ను ఇటీవల జమ్మూ కాశ్మీర్లో భారత భద్రతా దళాలు కాల్చి చంపాయి., negative
neutral,దీంతో తత్వం బోధపడిన చంద్రబాబు ఆపరేషన్ ఆకర్ష్కు తెరతీసి రాజకీయ సుస్థిరతను సాధించే పనిలో పడ్డారు., negative
negative,"ఏది అసలు సంఘమో, ఏది నకీలీనో తెలియక ఆటగాళ్లు తల పట్టుకోవడం, దీనిపై భారత ఒలింపిక్ సంఘం స్పష్టతనివ్వకుండా నాన్చడం తెలియని విషయాలేమీ కాదు.", negative
neutral,విద్యా శాఖపై అందరూ సలహాలు ఇస్తారు కానీ ఆచరించరు., negative
neutral,"తాజా ఉత్తర్వుల వల్ల నీట్ నోటిఫికేషన పునరుద్ధరణకు నోచుకొని, ఇప్పుడు బంతి మళ్ళీ మెడికల్ కౌన్సిల్ ఆఫ్ ఇండియా చేతిలోకి వచ్చింది.", negative
positive,"వ్యాధులపై యుద్ధం పేరిట వివిధ దేశాలు, సంస్థలు ప్రదర్శిస్తున్న అత్యుత్సాహం కూడా కొంపలు ముంచుతున్నదని కొందరి బాధ. డెంగ్యూ, చికెన్ గున్యా, జికా వైర్సలను నియంత్రించే పేరిట ఆక్సిటెక్ అనే సంస్థ జన్యుమార్పిడి ఈడిస్ ఈజిప్టీ దోమలను రూపొందించి బ్రెజిల్లోని జువాజైరో ప్రాంతంలో విడుదల చేసింది.", negative
negative,లక్ష జనాభావున్న ఈ ప్రాంతం మీద తమకు ఏమాత్రం నియంత్రణలేకుండా పోయిందని ఇటీవలే బెల్జియం హోంమంత్రి వ్యాఖ్యానించారు కూడా., negative
negative,"2జీ స్కాంలో కీలకపాత్ర పోషించిన కార్పొరేట్ మధ్యవర్తి నీరా రాడియాలాగా, కేరళలో ‘సోలార్’ స్కాంలో సరిత సంచలనం సృష్టించారు.", negative
neutral,శుక్రవారం నెన్నెలలో మిషన్ కాకతీయలో భాగంగా చెరువులను పరిశీలించారు., negative
neutral,వేర్పాటువాదులు కార్యకలాపాలు అధికం చేయడమంటే దేశవిద్రోహ చర్యలు ఎక్కువ అవుతున్నట్లే భావించాలి., negative
positive,"కాంగ్రెసలో తూకీమీద వచ్చిన తిరుగుబాటు, ఆయన వారిని సస్పెండ్ చేయడం ఈ సంక్షోభానికి కారణమన్న బీజేపీ వాదన నిజమైనప్పటికీ, ఢిల్లీ నుంచి రాజ్భవన వరకూ కలసికట్టుగా ఈ నిప్పు రాజేశారన్న తూకీ ఆరోపణలోనూ వాస్తవం ఉన్నది.", negative
neutral,"నిజానికి, హైడ్రోజన బాంబు సిద్ధంచేసినట్టు కిమ్ ప్రకటించగానే ఆయనకు అత్యంత ప్రీతిపాత్రమైన పాప్బ్యాండ్ ప్రదర్శనను చైనా తన దేశంలో నిలిపివేసి ఈ విషయంలో తన వైఖరిని ముందుగానే తెలియచెప్పింది.", negative
neutral,ఉత్తరప్రదేశ్లో చతుర్ముఖ పోటీ తప్పదు., negative
positive,"ఇలా కాక, చీఫ్ విజిలెన్స కమిషనర్ లేదా కంప్ర్టోలర్ అండ్ ఆడిటర్ జనరల్ స్థాయి వ్యక్తులు కమిటీలో కూర్చున్నప్పుడే డేటా అవసరాన్ని, వినియోగాన్ని కచ్చితంగా నిర్థారించడం సాధ్యపడుతుందని ప్రతిపక్షాల వాదన.", negative
neutral,కేరళలో ఎన్నికలు ముంచుకొస్తున్న తరుణం కాబట్టి ఆ అంశాలేమిటో ప్రత్యేకంగా చెప్పుకోనక్కరలేదు., negative
neutral,గత మూడేళ్లుగా ఆర్బీఐ గవర్నర్గా ఉన్న రాజన్ పదవీ కాలం ఈ సెప్టెంబర్తో ముగుస్తుంది., negative
neutral,భారత్ చేసిన హెచ్చరికలతో పాకిస్తాన్ కూడా అప్రమత్తమైంది., negative
neutral,"ఇండియా- ఈయూ భాగస్వామ్య సదస్సులో భాగంగా యూరోపియన యూనియన నేతలతో జరిపిన చర్చల్లో వాణిజ్యం, పెట్టుబడులు, వాతావరణం ప్రధానంగా రాబోయే ఐదేళ్లకు ప్రణాళికలు రూపొందించుకోవడం స్వాగతించవలసింది.", negative
negative,అక్కడ కూడా అతడికి సంబంధించిన వ్యక్తులు రైతులపై దాడులు చేశారు., negative
neutral,"ఆస్ర్టేలియా వంటి సరఫరా దేశాలతో దీర్ఘకాలిక ఒప్పందాలు కుదర్చుకొని అణు ఇంధనం పొందడంతో పాటు, రష్యా, ఫ్రాన్స్, అమెరికా వంటి దేశాల నుంచి ఆధునిక న్యూక్లియర్ రియాక్టర్లు అందుకోగలుగుతున్నది.", negative
positive,"సామాజిక తనిఖీ అంటే ఖచ్చితంగా కూలీలని ఇక్కడికి రప్పించాలని, వారి కష్టసుఖాలను అధికారులు తెలుసుకోవాలన్న నిబంధనలున్నాయ ని మడిగెల గంగాధర్ అన్నారు.", negative
neutral,ఇందుకు ప్రతిస్పందనగా రష్యా తక్షణమే ఆంక్షలను ఎత్తివేసింది., negative
negative,సెప్టెంబరు 11 దాడుల తరువాత అమెరికాలోని అనేక ప్రాంతాల్లో వేలాదిమంది సంతోషంతో పండుగ చేసుకున్నారని వాదించి ఓట్లు నొల్లుకోగలడు., negative
negative,అయితే ఈ పర్యటనతోనే రెండు దేశాల మధ్య సంబంధాలు పటిష్ఠమవడం నల్లేరుపై నత్తడకలా సులభంగా సాగదు., negative
negative,లక్ష కంటే ఎక్కువ రుణం తీసుకున్నా లక్ష లోపే మాఫీ అయ్యే అవకాశం ఉన్నందునా ఇలాంటి రైతులు కొందరు తమ రుణాలు రెన్యువల్ చేయించుకునేందుకు ఆసక్తి చూపడం లేదనేది అధికారులు స్పష్టం చేస్తున్నారు., negative
neutral,"నూక్లియర్ సప్లయర్స్ గ్రూప్ (ఎనెస్జీ)లో భారత సభ్య త్వాన్ని వ్యతిరేకిస్తూ, వారం రోజులుగా గొంతుబాగా పెంచిన చైనాను బుజ్జగించే ప్రయత్నమిది.", negative
negative,వని ఎన్కౌంటర్తో కలిపి ఇప్పటికి ఈ ఏడాది ఒక్క కాశ్మీర్లోనే 83 మంది ఉగ్రవాదులను భద్రతాదళాలు మట్టుపెట్టాయి., negative
neutral,"దేశంలో పలు చోట్ల విస్తరించి ఉన్న పాకిస్తాన్ ఉగ్రవాదులు, ఇస్లామిక్ స్టేట్ ఉగ్రవాదులు దాడులకు పొంచి ఉన్నారనే నిఘా వర్గాల హెచ్చరికలు పోలీసులకు కంటిపై కునుకు లేకుండా చేస్తున్నాయి.", negative
negative,రాళ్ల దాడిలో ముగ్గురు పోలీసులు సహా 11 మంది గాయపడ్డారు., negative
positive,తాజాగా ఢాకా ఉగ్రదాడితో జకీర్ నాయక్ ఎవరనే విషయంపై సర్వత్రా ఆసక్తిని కనబరుస్తున్నారు., negative
negative,"కొన్ని సందర్భాల్లో ఉగ్రవాద దాడి సృష్టించిన బీభత్సం కంటే, అనుసరించిన విధానం ఎక్కువ భయపెడుతుంది.", negative
neutral,దేశవ్యాప్తంగా సంచలనం సృష్టించిన 2జి స్ప్రెక్టం కుంభకోణం దర్యాప్తు బాధ్యతల నుంచి సిబిఐ డైరక్టర్ రంజిత్ సిన్హాను తప్పిస్తూ అప్పటిలోనే అత్యున్నత న్యాయస్థానం ఆదేశాలు జారీ చేసింది., negative
negative,"పాకిస్తాన్ నేరుగా భారత్ విషయాల్లో జోక్యం చేసుకోవడం, ఉగ్రవాదులను ప్రోత్సహిస్తూ శాంతి సామరస్యాలకు ఆటంకం కల్పించడం ఇటీవలి కాలంలో బాగా పెరిగిపోయింది.", negative
neutral,"అధికారంలోకి రాగానే నేతాజీ మరణం వెనుక ఉన్న రహస్యాన్ని ఛేదిస్తామంటూ సార్వత్రక ఎన్నికలకు ముందు ఈ దేశ ప్రజలకు, ముఖ్యంగా బెంగాలీలకు వాగ్దానం చేసిన బీజేపీ నేతలు, అధికారంలోకి వచ్చిన తరువాత నోరువిప్పకుండా నెట్టుకొద్దామనుకున్నారు.", negative
negative,అయితే దీనిపై కూడా విమర్శలు వస్తూనే ఉన్నాయి., negative
negative,"టీడీపీ సభ్యత్వం రెండు నెలల క్రితమే ప్రారంభించినప్పటికీ ఆ పార్టీకి ఆదరణ కరువైందని, బీజేపీ 45 రోజులుగా సభ్యత్వాన్ని చేయిస్తున్నా ఆ పార్టీలో చేరేందుకు ఎవరు ముందుకు రావడం లేదన్నారు.", negative
neutral,గతంలో విదేశీఖాతాలన్నీ అక్రమం కాదంటూనే ఆరంభించి అంతిమంగా ఎంతటి నల్లధనాన్ని వెలుగులోకి తెచ్చారో ప్రజలకు తెలుసు., negative
neutral,"స్థానిక గోదావరి తీరంలో శివరాత్రి ఏర్పాట్లను ఎమ్మెల్యే దివాకర్ రావు, మున్సిపల్ అధ్యక్షురాలు వసుంధర, అధికారులు, నాయకులు పరిశీలించారు.", negative
positive,అందుకే తెలంగాణ ప్రజలు టీఆరెస్ సభ్యత్వాన్ని ఊహకు అందని విధంగా విజయవంతం చేస్తున్నారని స్పష్టం చేశారు., negative
positive,"ఇప్పుడు దవావో డ్రగ్, ట్రాఫికింగ్ ఫ్రీ సిటీ మాత్రమే కాదు, ‘స్మోక్ ఫ్రీ’ సిటీ కూడా.", negative
negative,"11 లక్షల కోట్ల రూపాయలు ఎగవేసిన వారి పేర్లను బైటకు పొక్కనీయకుండా, తనను మాత్రమే వేధించడంలో రాజకీయ కోణం ఉన్నదని మాల్యా వాదన.", negative
neutral,జేసీ మాట్లాడుతూ జిల్లాలోని గ్యాస్ వినియోగదారులు 95 శాతం ఆధార్ సీడింగ్ పూర్తయిందని 91 శాతం బ్యాంకు సీడింగ్ పూర్తయినట్లు ఆయన స్పష్టం చేశారు., negative
neutral,కొల్లం దుర్ఘటన ఇప్పుడు కొందరినైనా తట్టిలేపినట్టుగా కనిపిస్తున్నది., negative
positive,"ప్రధాని ఇప్పటికి పదిహేను సార్లు దేశ ప్రజలతో తన మనసులో మాటను పంచుకున్నారు కనుక, ఇక, చాలించి, ‘కామ్ కీ బాత్’ చూస్తే మంచిదని కేజ్రీవాల్ సలహా.", negative
negative,అదీ కూడా కుట్ర రూపంలో!, negative
positive,తెలంగాణ ప్రజలు కుడుమిస్తే పండగ అని భావిస్తారు. నాయకుడిని నమ్ముతారు., negative
negative,అంతిమంగా ట్రంప్ తన నోటిదురుసుతనాన్ని మరింత విస్తరించాడు., negative
neutral,బస్సులోని వారంతా తమ కుటుంబాలతో తీర్థయాత్రలో ఉన్నవారే., negative
neutral,"గంగా, యమున, గోమతి, రామగంగ, గోదావరి, కృష్ణ, సువర్ణరేఖ, సబర్మతి, కావేరీ లాంటి నదుల్లో, ముఖ్యంగా పెద్దపెద్ద నగరాలు, పారిశ్రామిక కేంద్రాలు వెలిసిన చోట్ల భారలోహాలు, రసాయనాలు, సేంద్రియ పదార్థాలు, మానవ, జంతు వ్యర్థాలతో నిండి జలాలు గరళాన్ని తలపిస్తున్నాయి.", negative
negative,ఇక్కడే ఇబ్బంది ఎదురవుతుంటుంది., negative
positive,సుప్రీంకోర్టు విచారణలో మాత్రం దీనిని నేరంగా చూడనక్కరలేదన్న అభిప్రాయాన్ని ప్రకటించింది., negative
negative,కేరళ శాసనసభ ఎన్నికలు సమీపిస్తున్న నేపథ్యంలో చాందీ చుట్టూ బిగుస్తున్న అవినీతి ఉచ్చు రాష్ట్ర రాజకీయాలను మరింతగా వేడెక్కిస్తున్నాయి., negative
neutral,"జరిగినదానికి దుఃఖిస్తున్నవారికి, తమకు జరిగిన నష్టాన్ని అధిగమించడానికి కొత్తగా ఏర్పరచుకున్న కొన్ని లక్ష్యాలు, గమ్యాలు ఉన్నాయి.", negative
negative,"కానీ, 2013లో సుప్రీంకోర్టు ఢిల్లీ హైకోర్టు తీర్పును కొట్టివేస్తూ ఈ అసహజ నేరాల సెక్షన అస్తిత్వాన్ని తిరిగి నిలబెట్టింది.", negative
positive,"మండలంలోని పోల్లుగూడ, సాత్మోరి, కెస్లాపూర్, కెస్లాగూడ(జి) గ్రామాలకు మం జురైన రోడ్లు, సీసీరోడ్లు, డ్రైనేజీలు, అదనపు పాఠశాల తరగతి గదుల నిర్మాణానికి గురువారం ఎమ్మెల్యే రేఖానాయక్ భుమి పూజలు చేశారు.", negative
positive,ముఖ్యమంత్రి హరీష్ రావత్ మీద పాతకక్షలతో రగిలిపోతున్న మాజీ ముఖ్యమంత్రి విజయ్ బహుగుణకు వారం క్రితం బడ్జెట్ బలమైన ఆయుధంగా అందివచ్చింది., negative
negative,సీఆర్పీఎఫపై దాడిని ఖండిస్తూ మెహబూబా చేసిన వ్యాఖ్యలు లోయలో దుమారం రేపుతున్నాయి., negative
neutral,అధికార ప్రతిపక్షాలు తమ వంతు బాధ్యతలను సమర్ధంగా నిర్వహించే స్థాయికి వచ్చాయి., negative
negative,"కానీ, బ్యాంకులు కూడా తమను కాపాడుకోవడానికి అంతే దూకుడుగా, చిత్తశుద్ధితో వ్యవహరించలేదన్నది వాస్తవం.", negative
neutral,భారతదేశం ఇకమీదట మా ‘ప్రధాన రక్షణ భాగస్వామి’ అని అమెరికా ప్రకటించింది., negative
negative,ఈ కారణంగా క్షేత్ర స్థాయి నుంచి ఎవరికి వారుగా సమాచారాన్ని సేకరించుకోవాల్సిన పరిస్థితే ఉంటుంది., negative
negative,2015 జనవరి 7వ తేదీన ఫ్రాన్స్లోని వ్యంగ్య చిత్రాల వార పత్రిక చార్లీ హెబ్డో కార్యాలయంపై ఇస్లామిక్ స్టేట్ ఉగ్రవాదులు కాల్పులు జరిపి 12 మందిని హతమార్చారు., negative
neutral,"జమ్మూ, కాశ్మీర్ అంతర్జాతీయంగా గుర్తింపబడిన వివాదాస్పద భూభాగమని పాకిస్తాన్ వాదిస్తోంది.", negative
negative,"నిజాలకంటే కుట్రసిద్ధాంతాలు, కాల్పనిక కథలకే ఓట్లు పడతాయనుకున్నప్పుడు నేతాజీ వంటి హీరో విషయంలో మిస్టరీ కొనసాగుతూనే ఉంటుంది.", negative
negative,సెల్స్మెన్ సమయపాలన పాటించకుండా నిత్యవసర సరు కులు పంపిణీలో నిర్లక్ష్యం చేస్తున్నారని ఫిర్యాదు వచ్చిందని ఎమ్మె ల్యే రేఖానాయక్ తీవ్ర ఆగ్రహం వ్యక్తం చేసింది., negative
neutral,లండన్ అంతర్జాతీయ ఆర్థిక కేంద్రంగా ఎదగడానికీ ఇయు సభ్యత్వం ఎంతో దోహదం చేసింది., negative
negative,"అయితే ఎల్నినా ప్రస్తుతం తిరుగుముఖం పట్టినా అది మరింత బలహీన పడడానికి కొంతకాలం పడుతుందని, మానవ, ఆర్థిక నష్టాలు సంభవించే అవకాశాలు పూర్తిగా తొలగిపోయినట్లు భావించకుండా అప్రమత్తంగా ఉండాలని ప్రపంచ వాతావరణ సంస్థ హెచ్చరిస్తున్నది.", negative
negative,"ఆశ్చర్యకరంగా, ఈ కేసులు దాఖలు చేసినవారు, పరస్పరం తీవ్రవైరం ఉన్న రాజకీయపార్టీల వారు.", negative
neutral,దీనికి పరిష్కారంగా తాము కోల్పోయే ఆదాయాన్ని తమకు ఏదో ఒక రూపంలో అందివ్వాలని రాష్ట్ర ప్రభుత్వాలు డిమాండ్ చేశాయి., negative
neutral,"ఏడాది మంచిచెడులను విశ్లేషించే పంచాగశ్రవణాలు మనలను ప్రశంసలకూ, విమర్శలకూ, ఆదాయ వ్యయాలకు ముందుగానే సన్నద్ధం చేస్తుంటే, గతించిన ఉగాదిని ఎత్తిపొడుస్తూ, సుఖశాంతుల ఆగమనాన్ని ఆకాంక్షిస్తూ సాగే కవితాగోష్టులు ఈ వేడుకకు మరింత శోభనిస్తాయి.", negative
neutral,ఈ ఏడాది ఆర్థిక వృద్ధి రేటు 7.6 శాతం ఉంటుందని తేల్చి చెప్పిన సర్వే వచ్చే ఏడాది వృద్ధి రేటు కూడా 7 నుంచి 7.75 శాతం మధ్య ఉంటుందని అంచనా వేసింది., negative
neutral,"అతని అంత్యక్రియలకు వేలాది మంది రావడం ప్రభుత్వానికి, భద్రతావర్గాలకూ కూడా విస్మయం కలిగించింది.", negative
negative,"విద్యారంగంలో నియామకాలు, బదిలీలు, విద్యాసంస్థల గుర్తింపు, ఆర్థిక సహకారానికి అనుమతులు చివరికి పరీక్ష ఫలితాల్లో అవతవకలను పట్టించుకోకుండా ఉండటం ఇలా అన్నింట్లోనూ అవినీతి కనిపి స్తోంది.", negative
neutral,"ముఖ్యంగా, అమెరికా, యూరోపియన్, లాటిన్ అమెరికా దేశాలు ఈ తీర్మానాన్ని బలపరిస్తే, చైనా, రష్యా సహా అనేక ఇస్లామిక్ దేశాలు, ఆఫ్రికన్ దేశాలు వ్యతిరేకంగా ఓటుచేశాయి.", negative
positive,"తన రక్షణ అవసరాలు తీరడంతో పాటు, ఫ్రాన్సతో సుదీర్ఘకాలంగా విభిన్నరంగాల్లో కొనసాగుతున్న ఒప్పందాలు, భాగస్వామ్యాలు మరింత బలపడటానికి ఈ చర్య ఉపకరిస్తుంది.", negative
positive,ప్రపంచీకరణ నేపథ్యంలో దేశవ్యాప్తంగా ఒకే పన్ను విధించడం ప్రస్తుత కాలంలో అనివార్యం., negative
neutral,అయితే ఈ వర్గపోరు అంతర్జాతీయ స్థాయిలో వికృతంగా మారింది., negative
neutral,యుద్ధం అంటేనే అక్కడి సంపదపై కన్నేయడం., negative
positive,"రిటన్ తొలి మహిళా ప్రధాని తానే కావాలనుకొని, ఆ కీర్తి మార్గరేట్ థాచర్కు దక్కినప్పుడు చిరాకుపడిన థెరెసా మే అనూహ్య పరిణామాల నేపథ్యంలోనైనా ఆ లక్ష్యాన్ని నెరవేర్చుకున్నారు.", negative
neutral,నాలుగేళ్ల క్రితం ఢిల్లీలో జరిగిన ఇదే క్రీడోత్సవంలో భారత జట్టుది ద్వితీయస్థానం., negative
negative,ఎగవేతదారులు తమ ధనాన్ని బాహాటంగా ప్రదర్శించడం వల్ల సమాజానికి తప్పుడు సంకేతాలు పోతున్నాయని రిజర్వ్బ్యాంక్ గవర్నర్ ఈ మధ్యన తెగ బాధపడ్డారు., negative
neutral,"వీటి విచారణలో భాగంగానే, సాహిత్యం కళల వంటివి పోలీసు పెత్తనానికి వదిలిపెట్టలేమని న్యాయస్థానం స్పష్టంచేసింది.", negative
neutral,రెవెన్యూ శాఖ ద్వారానేరుణ హామీ పత్రాలు పంపిణీలో బ్యాంకర్లతోపాటు వ్యవసాయ శాఖ బాధ్యత కూడా ఉన్నా రెవెన్యు శాఖ ద్వారానే వీటిని పంపిణీ చేస్తున్నా రు., negative
neutral,అవసరమైన చోట్ల స్థానిక పోలీసుల సహాయం తీసుకుంటున్నది., negative
positive,మంజూరైన నిధులతో జిల్లాలో గోదావరి తీరం వెంట 18 చోట్ల పుష్కర ఘాట్లు నిర్మించాలని అధికారులు నిర్ణయించారు., negative
neutral,వేలాది మంది ముస్లింలు శరణార్ధుల పేరుతో టర్కీలోని వివిధ ప్రాంతాలలో తిష్టవేశారు., negative
neutral,ఆయన ఉద్దేశపూర్వకంగా ఈ వ్యాఖ్యలు చేశారో లేక ఆవేశంతో అన్నారోగానీ వాటివల్ల ఆయనకు లాభంకన్నా నష్టమే ఎక్కువ జరిగింది., negative
neutral,"రామకృష్ణాపూర్ రామాలయం ఏరియాలో పార్టీ పట్టణ స్టీరింగ్ కమిటీ కన్వీనర్, పట్టణ అధ్యక్షుడు గాండ్ల సమ్మయ్య ఆధ్వర్యంలో సభ్యత్వాలు ఇచ్చారు.", negative
neutral,"పైకి ఒకటి చెప్పడం, లోపల ఇంకోటి చేయడం ఎందుకు చేసేదే చెప్పేద్దాం అనుకున్నారో ఏమో కానీ ఇప్పుడు ప్రత్యక్ష కార్యాచరణలోకి పాకిస్తాన్ ప్రభుత్వ యంత్రాంగం మొత్తం దిగిపోయింది.", negative
neutral,"అమెరికా, ఫ్రాన్స్, జర్మనీ, జపాన్ సహా అనేక దేశాలు గట్టి మద్దతును అందించినప్పటికీ ఏకాభిప్రాయ ప్రాతిపదికనే ఎనెస్జిలో సభ్యత్వం కల్పించాలన్న నిబంధన ఉండటం వల్ల ఎలాంటి ఫలితం లేకపోయింది.", negative
negative,జనజీవనం స్తంభించిపోయింది., negative
neutral,సాక్షాత్తు కూరగాయల మార్కెట్ ఏరియాలో రైతు బజారును ఆర్డీవో ప్రారంభించారు., negative
positive,పాకిస్థాన్తో పాటు భారతదేశానికి కూడా ఈ గ్రూపులో పూర్తిస్థాయి సభ్యత్వం కల్పించే పని ఇందులో ముందుకు కదులుతుంది., negative
neutral,అయితే ఈ సంస్కృతిని తుడిచిపెట్టేయడం అంత సులభంగా సాధ్యపడదని భారతీయ జనతాపార్టీకి బాగా అర్థమైవుంటుంది., negative
negative,ప్రపంచ వ్యాప్తంగా దాదాపు అన్ని దేశాలూ ఉగ్రవాదుల చేతిలో నలిగిపోతూనే ఉన్నాయి., negative
neutral,దాంతో ‘వైరి పక్షాన్ని గెలవలేకపోతే... దాంతో కలసి పో...’ అనే ఆంగ్లో సాక్సన్ ఎత్తుగడను అమెరికా ఆశ్రయించింది., negative
neutral,అయితే వీలుకావడం లేదు., negative
positive,"అధికారులు,ప్రజాప్రతినిధులు స్పందించి మిల్లులో ఉత్పత్తి ప్రారంభమయ్యేలా చూడాలని వారు కోరారు.", negative
neutral,దిగ్విజయ్ సింగ్ లాంటి అభిమానులు జకీర్నాయక్కు కోట్ల సంఖ్యలో ఉన్నారు., negative
neutral,"ట్రక్కులో మారణాయుధాలు, పేలుడుపదార్థాలు కూడా ఉన్నాయని స్థానిక మీడియా అంటున్నది.", negative
negative,"సమీప ప్రాణహిత నదిలో స్నానానికి వెళ్తానని ఎంపీ చెప్పగా, భద్రత దృష్ట్యా చెన్నూర్ రూరల్ సీఐ అభ్యంతరం తెలిపారు.", negative
neutral,విద్యాధికారుల పనితీరు సరిగా లేకపోవడానికి కారణమదే., negative
negative,"హైకోర్టును విభజించాలని, జూనియర్ సివిల్ జడ్జీల నియామకాలను నిలిపివేయాలని డిమాండ్ చేస్తూ న్యాయవాదుల జేఏసీ పిలుపుమేరకు గురువారం విధులను బహిష్కరించి నిరసన తెలిపారు.", negative
neutral,"చట్టం ముందు ఎగవేతదారుడిగా ముద్రపడి, అంతకుముందే కేసులు ఎదుర్కొంటున్న వ్యక్తికి బ్యాంకులు పోటీపడి రుణాలు ఎందుకిచ్చాయన్నది సుప్రీంకోర్టు ప్రశ్న.", negative
positive,"మానవీయ విలువలు, సున్నితత్వం ఉన్న మహిళల ప్రాతినిధ్యం పెరగడంవల్ల రాజకీయాల స్వభావంలో ఎంతో మార్పు వస్తుంది.", negative
negative,యుద్ధ సమయంలో సంభవించే సైనిక నష్టం కన్నా అధికంగా జమ్మూ కాశ్మీర్ సరిహద్దుల్లో మనకు ఎదురు అవుతుండటం భరించలేని విషయం., negative
negative,"ఈ కారణంగానే బ్రెజిల్లో మొదలై, లాటిన అమెరికా మీదుగా ఇటీవలే అమెరికాలోనూ ఈ వ్యాధి ప్రవేశించినా తీవ్రత లెక్కకు చిక్కడం లేదు.", negative
positive,కశ్మీర్లో పోరాటవాద సంస్థల ఐక్యవేదిక హురియత అధ్యక్షులు మిర్వాయిజ్ ఉమర్ ఫరూఖ్ కూడా ఇదే అభిప్రాయాన్ని వ్యక్తం చేశారు., negative
positive,"కల్యాణ లక్ష్మి లక్ష్యం 200 ఉండగా,వెంటనే పూర్తి చేసేందుకు అధికారులు చొరువ చూపాలని చెప్పారు.", negative
positive,వచ్చేడాది నుంచి రైతులకు 24గంటల విద్యుత్ను ఇచ్చేందుకు చర్యలు తీసుకుంటుందన్నారు., negative
neutral,ఈ దుస్థితిని దాచిపెట్టడానికి ఇస్లామిక్ స్టేట్ ఇటువంటి మారణకాండలతో మరింత దుర్మార్గంగా వ్యవహరించే అవకాశాలు లేకపోలేదు., negative
negative,"ఒక పక్క పారిశ్రామికీకరణ,మరో పక్క రియల్ వ్యాపారం కారణంగా రంగారెడ్డి,మెదక్,కరీంనగర్ వంటి జిల్లాల్లో సాగుకు అనువైన భూములు వ్యవసాయేతర అవసరాలకు వినియోగిస్తున్నారు.", negative
neutral,కాంగ్రెస్ పార్టీ ప్రియాంక గాంధీని రంగంలో దించితే ఆ పార్టీకి ఆ సమస్య తీరుతుంది కానీ బిజెపికి మాత్రం ఆ సమస్య అలానే ఉంటుంది., negative
negative,"విశ్వనగరాలు, స్మార్ట్సిటీలు, బుల్లెట్రైళ్ళ బంగారులోకంలో విహరిస్తున్న మనకు దారిద్ర్యాన్ని, వైఫల్యాలను తెలియచెప్పే లెక్కలు సహజంగానే ఆసక్తి కలిగించవు.", negative
negative,అదే జరిగితే ప్రభుత్వం పరువు పోతుంది., negative
negative,ఎనిమిది నెలల పాటు ఐటీడీఏకు రెగ్యులర్ పీవో లేకపోవడంతో పాలన స్తంభించింది., negative
neutral,బంగారు దుకాణంలో విస్తృతంగా తనిఖీలు జరిపారు., negative
negative,"అమెరికాలో నల్లజాతివారి ఉద్యమాలను ప్రస్తావిస్తూ, నేను శాంతిభద్రతల మనిషిని అంటూ చేసిన హెచ్చరిక అధ్యక్షుడైన పక్షంలో ఆయన వ్యవహారించబోయే తీరును తెలియచెబుతుంది.", negative
negative,ఇది మన వ్యవస్థల దౌర్భల్యానికి ప్రతీకగా నిలుస్తుంది., negative
positive,తీపి తప్ప తమ పచ్చడిలో చేదు సహించేది లేదంటున్నారు., negative
positive,ఊరూరా స్వచ్ఛందంగా పార్టీలోకి ప్రజలు, positive
neutral,కేసినో అధినేత., negative
neutral,పాకిస్తాన్ చేస్తున్న ఈ చర్యలకు ఏవైపు నుంచి కూడా మద్దతు రాకపోయినా వారు మాత్రం తమ వంతు ప్రయత్నాలను చేస్తూనే ఉన్నారు., negative
neutral,సినిమాలకు జాతీయ పురస్కారాలు దక్కడం 1953 చిత్రాల నుంచి మొదలైంది., negative
neutral,అందుకే కాశ్మీర్ కల్లోలాన్ని నిలిపివేసేందుకు కఠిన చర్యలు తీసుకోవాల్సిన సమయం ఆసన్నమైంది., negative
positive,సంయుక్త సైనిక విన్యాసాలు జోరు పెరగబోతున్నది., negative
negative,రమేశ్ రాథోడ్కు ప్రధాన అనుచరుడైన ఈయన టీఆరెస్లో చేరడంతో టీడీపీకి పెద్ద దెబ్బేతగిలింది., negative
neutral,"నామినేషన్ స్వీకరిస్తూ చేసిన ప్రసంగం కూడా ఎంతటి తప్పుల, తంపుల మారిదో మీడియా వివరించి చెబుతున్నది.", negative
neutral,ఆదర్శనగర్లో పలువురికి సభ్యత్వాలు అందజేశారు., negative
negative,"ఈ ఆశలు ఎంతవరకు నెరవేరుతున్నాయో, తరచి చూసుకోవలసిన సందర్భం కూడా ఇదే. తీవ్రమయిన దుర్భిక్షం, రాజ్యహింస, గ్రామీణ సంక్షోభాల నడుమ- వాటన్నిటికి నిష్కృతిగానో లేదా కనీసం ఉపశమనంగానో- తెలంగాణ ఉద్యమం తలెత్తింది.", negative
neutral,ఈ చర్యకు సంతోషించిన అమెరికా అధ్యక్షుడు టర్కీని బలంగా వెనకేసుకొచ్చారు., negative
positive,ఈ మగదోమలు ఆడదోమలతో సంయోగం జరిపితే పుట్టే సంతానం శైశవ దశలోనే మరణించడంతో వైర్సల వ్యాప్తి విశేషంగా తగ్గిపోయిందని ఆ సంస్థ ప్రకటించింది., negative
positive,"దానితోపాటు, స్వలింగ సంపర్క బృందాలు తమ అస్తిత్వాన్ని ధైర్యంగా వ్యక్తం చేస్తూ, హక్కుల కోసం ఉద్యమాలు చేసుకోగలిగారు.", negative
negative,ఒకరకంగా అక్కడ బంద్ వాతావరణం నెలకొంది., negative
positive,ఒకే పన్ను విధానం ఉండటం వల్ల పలు రకాల సంస్థలతో సంబంధం లేకుండా వ్యాపారులు సులభంగా పన్ను చెల్లించేందుకు ఉత్సాహం చూపుతారు., negative
neutral,ఫిలిప్పీన్స మొత్తం జనాభాలో ముస్లింలు 5.1 శాతం. వీరు దాదాపుగా సున్నీశాఖకు చెందినవారు., negative
neutral,ఆయన తండ్రి అబ్దుల్ కరీం నాయక్ కొంకణ్లోని రత్నగిరికి చెందినవాడు కాగా ముంబైలో స్థిరపడ్డాడు., negative
neutral,వేగవంతం చేస్తేనే ఫలాలుమరో 40 రోజులతో ఆర్థిక సంవత్సరం ముగియనుంది., negative
positive,"జిల్లాల్లో గురువారం పర్యటించిన ఆమె ముందుగా, సీసీసీ నస్పూర్లో తెలంగాణ తల్లి విగ్రహానికి నివాళులర్పించారు.", negative
negative,సరిహద్దు సమీప ప్రాంతాల్లో రెండు రోజుల పాటు ఇటీవల పర్యటించిన సయీద్ కనీసం 10 జిల్లాల్లో రెట్టగొట్టే ప్రసంగాలు చేశారని సమాచారం., negative
positive,కాంగ్రెస్ హయాంలో తన భాగస్వామ్య పక్షాలను మెప్పించడం కోసం ఎక్కువ మంది మంత్రుల్ని తీసుకున్నారు., negative
positive,ఈ సమావేశాల్లో 16 బిల్లులు ప్రవేశపెట్టి ప్రభుత్వం పరీక్షకు సిద్ధపడుతున్నది., negative
neutral,"ఇవన్నీ జరుగుతాయని కాదు కానీ కేంద్ర మంత్రివర్గ విస్తరణ చూస్తే ఉత్తరప్రదేశ్ అసెంబ్లీ ఎన్నికలు తనకు, అమిత్షాకు ఎంత కీలకమైనవో మోడీ చెప్పకనే చెప్పారు.", negative
positive,నేడు మహాశివరాత్రి-ఆలయాలు ముస్తాబుమహాశివరాత్రి ఉత్సవాలకు జిల్లాలోని శైవక్షేత్రాలు సర్వాంగసుందరంగా ముస్తాబయ్యాయి., negative
negative,గణతంత్రదినోత్సవం నాడు శని శింగనాపూర్లో ఈ ‘భూమాత బ్రిగేడ్’ ఇదే విధమైన విఫలయత్నం చేసింది., negative
positive,"తీవ్ర నీటి ఎద్దడితో, చండ ప్రచండ ఎండతో ఇబ్బందులు పడుతున్న ప్రజలకు ఈ వార్త ఎంతో ఊరట కలిగించింది.", positive
positive,2జి స్ప్రెక్టం కేటాయింపుల కుంభకోణం కేసును దర్యాప్తు చేస్తున్న బృందంలో సిన్హా తరువాత అత్యంత సీనియర్ అయిన అధికారికి ఈ కేసు దర్యాప్తు బాధ్యతలను అప్పగిస్తున్నట్లు సుప్రీం కోర్టు అసాధారణ స్థాయిలో జారీ చేసిన తన ఆదేశాల్లో పేర్కొంది., negative
positive,"విమర్శలు నామమాత్రమై, వ్యతిరేకతలన్నీ అడ్డుతప్పుకొని, స్పీకర్ పాల్ర్యాన్ చెప్పిన అంతరాత్మ ప్రభోదాన్ని ఎవరికి తోచినట్టుగా వారు అర్థంచేసుకొని, విందు వినోదాల మధ్య చివరకు ట్రంప్కు నామినేషన్ కట్టబెట్టేశారు.", negative
positive,"చివరకు, 2015 నవంబర్ 21న తాను బరిలోకి దిగుతున్నట్టు ప్రకటించాడు.", negative
negative,"రెండేళ్లు గడిచినా ఫలానా ప్రాజెక్టు పూర్తయిందనిగానీ, ఫలానా పరిశ్రమ వచ్చిందనిగానీ చెప్పలేని పరిస్థితి!", negative
positive,"ఇంతకుముందు ఆర్థిక బిల్లుపై ఓటింగ్ కోసం మెజారిటీ సభ్యులు చేసిన డిమాండ్ను కాదని మూజువాణీ వోటుతో బిల్లును గట్టెక్కించిన స్పీకర్, ఇప్పుడు తిరుగుబాటు ఎమ్మెల్యేలు తొమ్మిది మందినీ ముందురోజున సస్పెండ్ చేయడం ద్వారా మర్నాడు సభలో రావత మెజారిటీకి ఢోకాలేకుండా మార్గం సుగమం చేశారు.", negative
neutral,అక్కడి అధికార సమాజ్వాదీ పార్టీ మళ్లీ గెలుపు కోసం తహతహలాడుతున్నది., negative
negative,"90వేలమంది భద్రతాసిబ్బందితో, దేశంలోని పది ప్రాంతాల్లో యూరో ఫుట్బాల్ టోర్నమెంట్ను ఏవిధమైన ఉగ్రదాడీ లేకుండా విజయవంతంగా నిర్వహించగలిగిన ఫ్రాన్స్, దాడి విధానంలో మార్పు కారణంగా ఇప్పుడు సముద్రతీర నగరంలో ఈ బీభత్సాన్ని చవిచూసింది.", negative
positive,"పోలీసు కంట్రోల్రూం, టోల్ఫ్రీ నంబర్ సౌకర్యం కల్పిస్తామన్నారు.", negative
neutral,సమాచార సాంకేతిక రంగం అభివృద్ధి సమాజంలో విప్లవాత్మక మార్పులు తీసుకువచ్చింది., negative
positive,"ఎన్నికలు జరగబోతున్న ఉత్తరాఖండ్, రెండేళ్ళక్రితం ఎన్నికల్లో మెజారిటీ కట్టబెట్టిన రాజస్థాన్, దక్షిణాదిలో కాస్తంత బలమున్న కర్ణాటకల నుంచి కూడా దళితులకు మంత్రివర్గంలో చోటుదక్కడం బీజేపీ రాజకీయ వ్యూహాన్ని తెలియచెబుతున్నది.", negative
neutral,అడ్డుపడుతున్న మరికొన్ని దేశాలను దారికి తెచ్చేలోగా చైనా కూడా సరేనంటూ తలూపింది., negative
positive,ఏపీ విషయానికి వస్తే లోటుబడ్జెట్ ఉన్నప్పటికీ తెలంగాణలో ఇచ్చారు కనుక ఏపీ ఉద్యోగులు చిన్నబుచ్చుకోరాదన్న భావనతో అక్కడి ముఖ్యమంత్రి చంద్రబాబునాయుడు కూడా 43 శాతం ఫిట్మెంట్ ఇచ్చారు., negative
positive,అలాంటి పనులు ఫిలిప్పీన్స కొత్త అధ్యక్షుడు రోడ్రిగ్ రోడీ దుతర్తే మాత్రమే చేయగలడు., negative
neutral,ప్రవాస భారతీయుడైన సుబ్రమణియన్ అమెరికా కాంగ్రెస్ కమిటీ ముందు వాంగ్మూలమిచ్చింది అమెరికా పౌరుడిగానా లేక భారతీయ పౌరుడిగానా అని కూడా స్వామి తన వరస ట్వీట్లలో వ్యాఖ్యానించారు., negative
positive,హోం సెక్రటరీగా గత ఆరేళ్ళలో పలు సందర్భాల్లో వచ్చారామె., negative
neutral,అయితే నదీజలాల కాలుష్యం మరింత పెరిగిందే తప్ప అదుపుకాలేదు., negative
neutral,ఈ వాస్తవ పరిస్థితి నుంచి బయటపడేందుకు ఇప్పటికే చాలా ప్రయత్నాలు జరిగాయి., negative
neutral,ఆ తర్వాత 2 నెలల పాటు హైదరాబాద్ గ్రేహౌండ్స్లో పనిచేసిన ప్రవీణ్ కుమార్ ఆదిలాబాద్ ఓఎస్డీగా బదిలీపై వచ్చారు., negative
neutral,అక్కడ ఈ నాలుగు పార్టీల మధ్య ఎన్నికల పొత్తు కుదిరే అవకాశమే లేదు., negative
negative,అయితే కాంగ్రెస్ ఆమోదం పొందవలసి రావడంతో క్యూబాపై ఆర్థిక ఆంక్షలు ఇప్పటికీ కొనసాగుతూనే ఉన్నాయి., negative
negative,దాంతో నిత్యావసరాల కొరతతో క్యూబా ప్రజలు తీవ్ర కష్టనష్టాలకు గురయ్యారు., negative
positive,"దవావో పట్టణంలో ముస్లింలకు, స్థానిక లుమిడ్ తెగవారికి జనాభా నిష్పత్తిన కౌన్సెల్లో ప్రాతినిథ్యం కల్పించి, డిప్యూటీ మేయర్ పదవులు ఇచ్చాడు.", negative
negative,"ఈనెల 18 నుంచి గరిష్ఠ ఊష్ణోగ్రతలో పెరుగుదల మొదలైంది,18,19వ తేదీల్లో గరిష్ఠంగా 36.3 డిగ్రీల సెల్సియస్ ఊష్ణోగ్రత నమోదైంది.", negative
neutral,"ఈ దీక్షలో నత్తులాల్, జే శ్రీనివాస్, డీ సత్యనారాయణ,లలన్ప్రసాద్, జీసత్యనారాయణ, వినోద్కుమార్ కూర్చున్నారు.", negative
positive,'నా తరఫున ఎవరూ సమస్యలు తెచ్చుకోవడం నాకు ఇష్టం ఉండదు., negative
positive,"పైగా ఈ టోర్నీకి ముందు ఆస్ర్టేలియా, శ్రీలంక వంటి జట్లతో ద్వైపాక్షిక టీ-20 సిరీసలు సాధించడం, ఆసియా కప్లోనూ విజయకేతనం ఎగరవేయడంతో టీమిండియాపై అంచనాలు అమాంతం పెరిగిపోయాయి.", positive
negative,కేవలం రెండురోజుల తేడాలో రెండు రాష్ట్రాల్లో ఇద్దరు నల్లజాతి యువకులను తెల్లపోలీసులు కాల్చిచంపిన ఘటనలు నల్లజాతివారిని ఆగ్రహానికి గురిచేసింది., negative
negative,"అమ్మినా, అమ్మకపోయినా సాయంత్రం వరకు అతడికి డబ్బులు కట్టాల్సిందే.", negative
neutral,ప్రైవేటు కళాశాలల అధికారం పరీక్షల నిర్వహణతో సహా ముడిపడిందేనన్నారు., negative
positive,ఇన్నాళ్లకు సానియా మహిళల డబుల్స్ టైటిల్ కల ఫలించింది., negative
neutral,"పాకిస్తాన్ నుంచి అనునిత్యం జరిగే ఉగ్రవాదుల చొరబాటు, భారత ప్రభుత్వంపై విమర్శలు చేసేందుకు సిద్ధంగా ఉండే రాజకీయ పార్టీలు, జమ్మూ కాశ్మీర్ను దేశం నుంచి విడదీయాలనే వేర్పాటువాదుల ఆందోళనలు, ఇందుకు సహకరించే కొందరు స్థానిక నాయకులు వెరసి జమ్మూ కాశ్మీర్ ఎప్పుడూ అల్లకల్లోలంగానే ఉంటున్నది.", negative
neutral,సరిహద్దు భద్రతాదళాలకు నిత్యం చొరబాటుదారులను అడ్డుకోవడం భారంగా పరిణమిస్తున్నది., negative
negative,వాస్తవానికి యూరోలో పోర్చుగల్ ఆట దాని స్థాయికి తగ్గట్టు సాగలేదు., negative
positive,"రెండేళ్ళక్రితం సుప్రీంకోర్టే లింగమార్పిడి వ్యక్తులు, హిజ్రాలపై అణచివేత, హింసలను నిరోధించడానికి ప్రత్యేక చర్యలు తీసుకోవాలనీ, సామాజికంగా, ఆర్థికంగా వెనుకబడినట్లు గుర్తించి విద్యా ఉద్యోగాల్లో ప్రాధాన్యం ఇవ్వాలని చెప్పింది.", negative
neutral,"ప్రతివారం 350 మిలియన పౌండ్లు ఈయూకు తరలిపోతున్నాయనీ, దానిని ఆరోగ్యరంగంమీద ఖర్చుచేసుకుందామన్న ప్రచారం సంక్షేమం సన్నగిల్లిపోతున్న సందర్భంలో ప్రజలమీద బాగా పనిచేసింది.", negative
neutral,వీటిని లబ్ధ్దిదారులు ఎంచుకున్న యూనిట్లకు పంపిణీ చేయనున్నారు., negative
negative,"స్మగ్లింగ్ విషయంలో ప్రభుత్వం అత్యం త కఠినంగా వ్యవహరిస్తోందని, పీడీయాక్ట్లు, నాన్బెయిలబుల్ కేసులను పెట్టేందుకు వెనుకాడబోమని హెచ్చరించారు.", negative
negative,నిజానికి తెలంగాణలో గత ఎన్నికలలో 60 శాతం ప్రజలు తెలంగాణ రాష్ట్ర సమితికి వ్యతిరేకంగా ఓటువేశారు., negative
positive,ఎనెస్జీలో సభ్యత్వం పొందాలంటే ఎన్పీటీపై సంతకాలు చేసివుండాలన్న ప్రాథమిక నియమం విషయంలో పట్టుదలగా ఉన్న చైనా ఇంతలోగా తనవైఖరిని సడలించినప్పుడు మాత్రమే ఈ సదస్సులో భారత్ సభ్యత్వం విషయంలో అడుగుముందుకు పడవచ్చు., negative
positive,"ఒక గొప్పమార్పు జరుగుతున్న సందర్భంలో, సవాళ్ళకు తగినవిధంగా సంఘటితంగా మనను మనం తీర్చిదిద్దుకుందామన్నారామె.", positive
neutral,"చైనా 416, దక్షిణ కొరియా 232, జపాన్ 216 పతకాలు సంపాదించి అగ్రభాగాన నిలిచాయి.", negative
neutral,తన ప్రత్యేక ఆర్థిక ప్రాంతం ఎంతవరకు విస్తరించింది?, negative
neutral,"దేశాల మధ్య తంపులు పెట్టి, ఉద్రిక్తతలను సృష్టించి, ఆయుధాలను అమ్ముకోవడం అనేది ప్రధాన వ్యాపారంగా ఉన్నది.", negative
neutral,ఈ గడువులోగా వివిధ పథకాలు అ మలు చేయాల్సి ఉంది., negative
negative,మండలంలోని భూట్టాపూర్ గ్రామ శివారులో గోదావరి వంతెన సమీపంలోని పంటపోల్లాలో మహిళ మృతదేహం లభ్యమైంది., negative
neutral,ఎన్నికలకు కొద్ది నెలల ముందు రంగంలోకి దిగిన దుతర్తే ఫిలిప్పీన్సలో ఓట్ల విప్లవాన్ని సృష్టించాడు., negative
neutral,చాలా వర్గాల్లో నిర్లిప్తత చోటు చేసుకున్నది., negative
negative,స్వలింగ సంపర్కానికి సంబంధించిన సామాజిక న్యాయపరమైన విలువలను నిర్ణయించేది పార్లమెంటేనని సుప్రీంకోర్టు ప్రకటించిన తరువాతకూడా పాలకులు తమకు తాముగా చేసిందేమీ లేదు., negative
neutral,"విద్యాధిక, సంపన్న కుటుంబం నుంచి వచ్చిన వని కశ్మీరీ యువతకు ఒక ఆకర్షణీయమైన చిహ్నంగా మారాడు.", negative
negative,ఇందుకు భద్రతావ్యవస్థలో లోపాలతో పాటు దాని వలసపాలన గతం కూడా కారణం., negative
positive,ఆదివారం మండలంలోని పవర్గూడలో ఉన్న ప్రజాతోటల పెంపకం నర్సరీని ఆయన పరిశీలించారు., negative
neutral,"ఈ పరిణామాలకు బీజేపీ ఎంత కారణమో, ఉత్తరాఖండ్ కాంగ్రెసను దాని ఖర్మానికి వదిలేసిన కాంగ్రెస్ అధినాయకత్వమూ అంతే కారణం.", negative
negative,భారత బృందం ఘనంగా ముగించిందనుకుంటున్న ఆనందకర క్షణాల్లో ఇద్దరు అధికారుల నిర్వాకం దాన్ని ఆవిరి చేసింది., negative
positive,గులాబీ కార్యకర్తలు ఉత్సాహంగా పాల్గొన్నారు., negative
neutral,వారణాసినుంచి ఎన్నికైన నరేంద్రమోదీని అటుంచినా యూపీనుంచి కేంద్రమంత్రివర్గంలో ఇప్పుడు 16మంది మంత్రులున్నారు., negative
negative,శరణార్ధులను దేశంలోకి అనుమతించే ప్రక్రియలో కనీస జాగ్రత్తలు కూడా తీసుకోలేకపోయారు., negative
neutral,"జమ్మూ, కాశ్మీర్ అధికారిక స్థితిపై భద్రతా మండలిలో చేసిన పలు తీర్మానాలు అమలు కోసం ఎదురుచూస్తున్నాయని లోధీ చెప్పారు.", negative
neutral,చిత్తశుద్ధితో పనిచేయాలి., negative
neutral,భారత్ వద్ద 13లక్షలు పదాతి దళాలు ఉంటే పాకిస్తాన్ వద్ద 6 లక్షలు ఉన్నాయి., negative
positive,సభ్యదేశాలకు చెందిన ప్రతినిధి బృందాల నాయకులు మాత్రమే హాజరయిన ఈ సమావేశంలో చైనా మళ్ళీ అవే అభ్యంతరాలు లేవనెత్తింది., negative
positive,ఐక్యరాజ్యసమితిలో తొలిసారి జరిగిన జయంతి సభ ఆయనను ప్రపంచ పీడితులకు ఆరాధ్యనీయుడంటూ కీర్తించింది., positive
negative,"ముస్లింలతో బాటు సిక్కులు, యూదులు కూడా ఎక్కువ సంఖ్యలోనే ఉన్నారు కానీ ముస్లింలు తరచూ తమ మతాన్ని తెలిపే దుస్తులు వేసుకోవడం లేదా తమ మతానికి చెందిన జెండాలను ఎగురవేయడం ద్వారా అక్కడి ప్రభుత్వానికి చీకాకులు తెప్పిస్తున్నారు.", negative
positive,ఈ స్థితిలో ఆర్థిక రంగం నిలదొక్కుకుని ముందుకు సాగాలంటే దేశీయ వినియోగమే శరణ్యమన్న విషయం ప్రభుత్వం గుర్తించింది., negative
negative,భారతమాత తన బిడ్డను కోల్పోయిందని రోహిత్ వేముల వ్యవహారంలో ఇప్పటికే బాధపడిన ఆయనకు అత్యున్నత సభలో ఈ దారుణాన్ని ప్రస్తావించడం సబబుగా కనిపించలేదు., negative
neutral,"ఇక, దేశీయంగానూ ఇంటర్నెట్, డీటీహెచ వినియోదారులు పెరుగుతున్న నేపథ్యంలో రాబోయే ఐదేళ్ళలో కనీసం 70 ఉపగ్రహాల ప్రయోగం అవసరమని అంచనా.", negative
neutral,"ఇక్కడినుంచి ఈ రెండు మండలాల ప్రభుత్వ పాఠశాలలతో పాటు చౌక ధరల దుకాణాలు, డీఆర్ డీపోలకు బియ్యం పంపీణీ అవుతుంది.", negative
neutral,15 ఏళ్ల వయసులోనే ఉగ్రవాదుల్లో చేరిపోయాడు., negative
positive,ఈ చారిత్రక విజయాలకు మెల్బోర్న్ వేదిక కావడం మరో విశేషం., positive
negative,"ఇప్పుడు నేతాజీని ‘యుద్ధనేరస్థుడు’గా అభివర్ణిస్తూ నెహ్రూ రాసినట్టుగా చెబుతున్న వివాదాస్పదమైన లేఖ కానీ, ఆయన చితాభస్మాన్ని జపాననుంచి తీసుకురావడానికి అనంతర కాలంలో నిరాకరించిన వైనం కానీ కాంగ్రెసకు నష్టం చేకూర్చేవే.", negative
neutral,దీనిపై సీఎఫ్ తిమ్మారెడ్డి మాట్లాడుతూ వీటిని పరిష్కరించి అర్హులకు పత్రాలు అందిస్తామన్నారు., negative
negative,"లండనలో ఉన్నారనుకుంటున్న మాల్యాను మార్చి 30లోగా రెక్కలుకట్టుకుని వచ్చి తనముందు వాలమంటూ సుప్రీంకోర్టు జారీ చేసిన ఆదేశాలకు ఆయన ఎలా స్పందిస్తారన్నది అటుంచితే, ఈ దశలో మాల్యా దేశం విడిచివెళ్ళిపోవడం పరిస్థితిని మరింత సంక్లిష్టంగా మార్చివేసిందన్నది వాస్తవం.", negative
negative,జిల్లాలోని తూర్పు ప్రాంతంలో స్వైన్ ప్లూ వ్యాధి కలకలం రేపుతోంది., negative
negative,"దుతర్తే చట్ట వ్యతిరేక పద్ధతులని అమ్నెస్టి ఇంటర్నేషనల్, హ్యూమన్ రైట్స్ వాచ్ తదితర మానవహక్కుల సంఘాలు ఎండగట్టాయి.", negative
negative,శుక్రవారం సాయంత్రం పాఠశాలలో ఆరో తరగతి చ దువుతున్న విద్యార్థిని కేంద్రె హర్షిత ఆటో నుంచి పడి మృతి చెందింది., negative
neutral,"వ్యభిచార గృహాల్లో జీవచ్ఛవాలైపోయినవారు, ఇటుకబట్టీల్లోనూ, మరపడవల్లోనూ, నిర్మాణ తయారీ రంగాల్లో కట్టుబానిసలుగా పనిచేస్తున్నవారు అశేష సంఖ్యలో ఉన్నారు.", negative
neutral,పెండింగ్లో ఉన్న మరుగుదొడ్ల నిర్మాణాలను యుద్ధ్దప్రతిపాదికన మార్చి 15 లోగా పూర్తి చేయాలని కలెక్టర్ ఆదేశించారు., negative
negative,"గత టీడీపీ ఎంపీ, ఎమ్మెల్యే రాథోడ్ రమేశ్, సుమన్ రాథోడ్ హయంలో నియోజకవర్గంలో టీడీపీ కార్యకర్తలే లబ్ధిపొందారని ఆరోపించారు.", negative
negative,"‘ఉగ్రవాదంపై పోరు’ అన్న భారీ నినాదంతో, అందుకు తగిన ఆధునిక వ్యవస్థలను కొనుగోలు చేసుకొని పోరాడే శక్తి బంగ్లాదేశ్కు ఆర్థికంగాలేదు.", negative
positive,ఆస్ర్టేలియన్ ఓపెన్లో టాప్సీడ్గా బరిలోకి దిగిన సానియా-హింగిస్ ద్వయం తుది సమరంలో చెక్ రిపబ్లిక్కు చెందిన ఏడో సీడ్ ఆండ్రియా లవకోవా-లూసీ రెడెకా జోడీపై గెలుపొంది చాంపియన్గా నిలిచింది., negative
negative,"ప్రతి ఏటా తమిళనాడుకు చెందిన మత్స్యకారులు సముద్రంలో హద్దులు తెలియక శ్రీలంక దళాలకు చిక్కడం, లేదా వారి కాల్పుల్లో మరణించడం జరుగుతున్నది.", negative
neutral,"పర్యావరణాన్ని నాశనం చేసినందుకూ, కాలుష్యానికీ పాల్పడినందుకూ శిక్షగా మాత్రమే సొమ్ము చెల్లించవలసిన చోట, ముందుగానే కట్టిన పక్షంలో ఆ పనిచేయవచ్చునన్న సంకేతాలు పోయాయి.", negative
neutral,"మణిపూర్లో తక్షణమే ప్రభుత్వం కుప్పకూలే ప్రమాదం లేకపోవచ్చు కానీ, తమ డిమాండ్లను నెరవేర్చని పక్షంలో వేరే పార్టీతో చేతులు కలపడానికైనా, వేరుకుంపటి పెట్టడానికైనా వెనుకాడబోమన్న వారి హెచ్చరిక కాంగ్రెస్కు ముచ్చెమటలు పట్టిస్తున్నది.", negative
positive,"దీంతో స్వయంగా రంగంలోకి దిగిన మంచిర్యాల ఏఎస్పీ విజయ్కుమార్ రంగంలోకి దిగి పలువురు దస్తావేజు లేఖరులను అదుపులోకి తీసుకోవడంతో,ఒక్కసారిగా పట్టణంలో కలకలం చోటు చేసుకుంది.", negative
neutral,అందుకు కారణాలూ లేకపోలేదు., negative
neutral,ఈ పాస్.సీజీజీ.జీవోవీ.ఇన్ అనే వెబ్సైట్లోకి వెళ్లి ఫ్రీమెట్రిక్ ఉపకార వేతనాలు పేరుతో ఉన్న దానిని క్లిక్ చేయాలి., negative
neutral,ఏ చిన్నపాటి అంశం దొరికినా భారత ప్రభుత్వాన్ని ఇరకాటంలో పెట్టేందుకు వేర్పాటువాదులు ప్రయత్నిస్తూనే ఉంటారు., negative
negative,2010 ఏప్రిల్ నుంచి ఈ విధానం అమలులోకి వస్తుందని ఆయన ప్రకటించినా రాష్ట్ర ప్రభుత్వాల అభ్యంతరాల వల్ల కార్యరూపం దాల్చలేదు., negative
positive,సామాజిక న్యాయం కోసం ఆయన అవిశ్రాంతంగా కృషి చేశారు., positive
positive,ఇందు కోసం నిర్వాహకులు ఘనంగా ఏర్పాట్లు పూర్తి చేశారు., negative
negative,పరోక్ష యుద్ధాన్ని తలపిస్తున్న ఈ పరిణామాలు దేశంలో అశాంతి రేకెత్తిస్తున్నాయి., negative
positive,జిఎస్టి అమల్లోకి వస్తే ఈ భారం చాలా వరకు తగ్గే అవకాశం ఉంది., negative
neutral,"ప్రధానమంత్రి కొద్దివారాల క్రితమే ముందుజాగ్రత్తగా న్యూజిలాండ్, మెగ్జికోల నుంచి బలమైన హామీలు పొందినా అవి మాటమార్చేశాయి.", negative
negative,హైదరాబాద్లో స్థిర నివాసం ఏర్పరచుకున్న పలువురు సీనియర్ అధికారులు ఏపీకి తరలివెళ్లడానికి ససేమిరా అంటున్నారు., negative
positive,"అలాగే, సర్వాయుధాలతోనూ తనను ఆదుకోమంటూ దక్షిణకొరియా మొరపెట్టుకోవడంతో, ఇటీవలి కాలంలో ఎన్నడూ లేని రీతిలో అమెరికా తన పొరుగునే ఆయుధాలను పోగేస్తూండటం చైనా వైఖరిలో మార్పు తెచ్చివుండవచ్చు.", negative
negative,"ఒకవైపు ముస్లింల తెగల పోరాటం, మరోవైపు అగ్రరాజ్యాల అధికార దాహం ప్రపంచాన్ని అస్థిత్వంలోకి నెడుతున్నాయి.", negative
positive,అందుకే ఆయన తాను రిజర్వుబ్యాంకు గవర్నర్ పదవిని తాను రెండో పర్యాయం ఆశించడం లేదని చెప్పేశారు., negative
neutral,చొరబాటుదారుల నియంత్రణ సంస్థ (కౌంటర్ ఇన్ఫ్రిల్టేషన్ గ్రిడ్) లెక్కల ప్రకారం ఇటీవలి కాలంలో దాదాపు వంద మంది వరకూ చొరబాటుదారులు సురక్షితంగా భారత భూభాగంలోకి వచ్చేశారు., negative
neutral,అప్పట్లో నీట్కు అనుకూలంగా తీర్పు రాసిన జస్టిస్ ఎ.ఆర్. దవే ఇప్పుడు ప్రధాన న్యాయమూర్తిగా ఆ తీర్పుపై పునస్సమీక్ష అవసరమన్న నిర్ణయానికి వచ్చారు., negative
negative,"ఈ గతాన్ని అటుంచినా, కీలకమైన సమస్యలను అవగతం చేసుకోవడంలోనూ, పరిష్కరించడంలోనూ ప్రభుత్వం తీవ్ర నిర్లక్ష్యాన్ని ప్రదర్శించింది.", negative
neutral,"ఇరాక్, సిరియాల్లో ఇస్లామిక్ రాజ్యస్థాపన కోసం పోరాడుతున్న ఐఎసైఎస్ మిలిటెంట్ల వేట మొదలైంది.", negative
neutral,ఈ సెక్షన్ సంగతి తేల్చాల్సింది పార్లమెంటు మాత్రమేనన్నది., negative
negative,అదే నిజమైన పక్షంలో వ్యూహం మరింత భయంకరమైనదని భావించాలి., negative
negative,అలా కాకుండా మూఢనమ్మకాలతో మూర్ఖంగా ప్రవర్తించే వారితో సమాజం మొత్తానికి చెరుపుకలుగుతుంది., negative
neutral,"జిల్లా యంత్రాంగం ఒక సమావేశం ఏర్పాటు చేసి, రచయితతో బలవంతంగా క్షమాపణలు చెప్పించింది.", negative
negative,ధరించే దుస్తులనుంచి ప్రవర్తన వరకూ థాచర్కూ థెరెసాకూ ఉన్న తేడాలూ పోలికలతో మీడియా తనపని తాను చేసుకుపోతున్నది., negative
neutral,"ఒకరికొకరు తెలిసినవారే, బంధుత్వాలున్న వారే.", negative
positive,న్యాయస్థానాల్లో పిటిషన్లు వేయాలని ప్రజాసంఘాలు సంకల్పిస్తున్నాయి., negative
negative,"బెల్జియంపై దాడి పారిస్ దాడులకు ప్రతీకారం మాత్రమే కాదు, యూర్పలోని మిగతాదేశాలకు ముప్పుతప్పదన్న హెచ్చరిక కూడా.", negative
negative,ప్రభుత్వ పాఠశాలలకై బియ్యం పంపీణీ చేయాలని అలస్యంగా 4న అలాట్మెంట్ కాపీ అందించిన తహసీల్దార్ గోదాం ఇన్చార్జి ఫిర్యాదు చేయడం వెనుక రాహస్యమేంటని ప్రజలు అనుమానాలు వ్యక్తం చేస్తున్నారు., negative
negative,దాంతో పలుచోట్ల పోలీసులు కాల్పులు జరిపారు., negative
neutral,ఉమ్మడిప్రకటనలో ఉగ్రవాద సంస్థలను పేరుపేరునా ప్రస్తావిస్తూ దేశంలో జరిగిన ప్రతి ఉగ్రదాడినీ ఏకరువు పెట్టడం ఇదే తొలిసారి., negative
neutral,ఈ రోజే శివరాత్రి పండుగను జరుపుకుంటారు., negative
neutral,"ఊహించినట్టుగానే, బ్రిటన్ ప్రధాని డేవిడ్ కామరూన్ కొద్దినెలల్లో గద్దెదిగిపోతున్నారు.", negative
neutral,"జకీర్కు ఇద్దరు కుమార్తెలు, ఒక కుమారుడు ఉన్నారు.", negative
positive,"జూన్ 21న జరిగే అంతర్జాతీయ యోగా దినోత్సవాన్ని.. అన్ని కేంద్ర ప్రభుత్వ కార్యాలయాల్లోనూ నిర్వహించాలని, ఉద్యోగులు ఇందులో పాల్గొనాలని.. కేంద్రం స్పష్టమైన ఆదేశాలు జారీచేసింది.", negative
positive,ఇప్పుడు ఆ పని విజయవంతంగా పూర్తయింది., negative
positive,"ఈ జాతరకు జిల్లా నుంచే కాకుండా పొరుగు రాష్ట్రమైన మహారాష్ట్రలోని కిన్వట్, నాందేడ్, చంద్రాపూర్, యావత్మాల్, పర్బనీ జిల్లాన నుంచి భక్తులు వేలాది సంఖ్యలో తరలివచ్చి,బెల్లం ముద్దలతో ప్రత్యేక మొక్కులను తీర్చుకుంటారు.", negative
negative,"తుపాకులతో కాల్పులు జరుపుతూ, బాంబులు పేల్చారని అతడు పోలీసులకు తెలిపారు.", negative
neutral,అయితే ఆ ఏడాది మొత్తం 67 శాతం మంది అనుకూలంగా ఓటేయడంతో ఆ వివాదానికి తెరపడింది., negative
negative,ప్రపంచంలో ఏ దేశంపైన దాడి చేసినా మాకు సంబంధం లేదు మా జోలికి మాత్రం రాకండి అనే రీతిలో టర్కీ పాలకులు ఇంత కాలం ప్రవర్తించారు., negative
positive,"మొదటి దశలో గంగానది ఒడ్డును ఘాట్లు, శ్మశాన వాటికలు నిర్మిస్తారు.", negative
neutral,తలమడుగు మండలం కొత్తూరులో పశ్చిమ జిల్లా నాయకుడు గోక మహేందర్ ఆధ్వర్యంలో కార్యక్రమం నిర్వహించారు., negative
negative,"తన దేశంలోని నాయకులపైనా, వివిధ వర్గాలపైనా మంచీ మర్యాదా లేకుండా నోరుపారేసుకుంటూ, అర్థంపర్థంలేని అడ్డగోలు వాదనలతో వైషమ్యాలను పెంచి మిగతా ప్రపంచాన్ని కూడా వొణికిస్తున్నాడాయన.", negative
neutral,హిందూ మత గ్రంధాలను కూలంకషంగా చదివినట్లు జకీర్ నాయక్ చెబుతుంటాడు., negative
neutral,అందులోనూ ఉత్తర్రపదేశ్ రాష్ట్రానికి ఎక్కువ ప్రాతినిధ్యం కల్పించడం కూడా గమనార్హం., negative
positive,కేంద్రం నుంచి అదనపు బలగాలను పంపేందుకు ఆయన ఆ రాష్ట్ర ముఖ్యమంత్రి మెహబూబా ముఫ్తీకి హామీ ఇచ్చారు., negative
negative,"అనంతనాగ్ జిల్లాలోని బందిపోరా, ఖాజిగుండ్, లర్నోలో, కుల్గాం జిల్లాలోని మీర్ బజార్, దమ్హాల్ ప్రాంతాల్లో, అనంత్ నాగ్ జిల్లాలోని వార్పోరాలో ఆందోళన తీవ్రంగా ఉంది.", negative
neutral,మిషన్ గన్స్తో ఫొటోలుదిగి సామాజిక మాధ్యమంలో తనను తాను ఉగ్రవాదిగా ప్రచారం చేసుకునేవాడు బుర్హాన్ వని., negative
neutral,అప్పుడే మీడియా చేసే ప్రసారాలకు సార్ధకత ఉంటుంది., negative
neutral,చర్మం రంగు వల్లే ఈ వివక్ష సాగుతున్నదన్నాడు., negative
positive,ఈ ఎన్నికల్లో అసోం రాష్ట్రం ఒక్కటే బిజెపి ఖాతాలో చేరింది., negative
neutral,"దీంతో ప్రధాని డేవిడ్ కామెరూన్ నిరుద్యోగ భృతి, పిల్ల పెంపకం భృతిని తగ్గించారు.", negative
neutral,జీవితంలో వీటికంటే ముఖ్యమైన విషయాలు ఎన్నో ఉన్నాయి., negative
neutral,ఆయుధాలను ఎవరైనా కొని తెచ్చుకునే అవకాశం ఉంటుంది., negative
neutral,రేపు యూరప్ వ్యాప్తంగా ఇదే దారిలో మితవాదపార్టీలు దూసుకువచ్చే అవకాశాలు లేకపోలేదు., negative
negative,"జనవరి మధ్యవారంలో జరగాల్సిన అసెంబ్లీ సమావేశాలను గవర్నర్ నెలరోజుల ముందుకు జరపడం, స్పీకర్ అసెంబ్లీ తలుపులు తెరవకపోవడంతో బీజేపీ ఎమ్మెల్యేలు, కాంగ్రెస్ అసమ్మతి ఎమ్మెల్యేలు కలసి మొదట ఒక కమ్యూనిటీ హాలులోనూ, ఆ తరువాత ఒక హోటల్లోనూ అసెంబ్లీని నిర్వహించి స్పీకర్ను అభిశంసించి, ముఖ్యమంత్రిని తొలగించి, ఆయన స్థానంలో ఒక తిరుగుబాటు ఎమ్మెల్యేని ఎన్నుకోవడం ప్రజాస్వామ్య విలువలను పాతాళానికి తొక్కేసిన పరిణామాలు.", negative
positive,తమకు 35 మంది బలం ఉన్నదని దానివాదన., negative
negative,తూర్పున కలకలం..ఒక్కసారిగా అంతమంది దస్తావేజు లేఖరులను పోలీసులు అదుపులోకి తీసుకోవడం కలలకం కలిగించింది., negative
positive,"2015లో ఈ జోడీ వింబుల్డన్, యూఎస్ ఓపెన్ టైటిళ్లు గెలిచిన సంగతి తెలిసిందే.", negative
positive,"లాభాలొస్తే పంచుతాం, నష్టాలకు మాదీ బాధ్యతంటూ ప్రభుత్వం కౌంటర్ గ్యారంటీ ఇచ్చినపక్షంలో భవిష్యనిధి వాడకం విషయంలో ఎవరికీ భయం ఉండదు.", negative
positive,విధుల్లో నిర్లక్ష్యం చేయవద్దన్నారు., negative
neutral,జమ్మూ కాశ్మీర్కు స్వతంత్య్ర నిర్ణయాధికారం ఉండాలనేది గిలానీ తొలి సూత్రం., negative
neutral,"ముఖ్యంగా పాకిస్తాన్ నుంచి వచ్చే ఉగ్రవాదులు సరిహద్దుల్లోని గుల్మార్గ్, బాబారిషి వైపు భారత భూభాగంలో ఆయుధాలు సురక్షితంగా ఉంచుకుని స్థానికంగా ఉండే రవాణా వాహనాలలో సాధారణ ప్రయాణీకుల్లా వచ్చేస్తున్నారు.", negative
negative,అమాయకులు బలి అవుతూనే ఉంటారు., negative
negative,"ఇంతటి వివాదం అలుముకుని ఉన్న సందర్భంలో కూడా స్వయంగా సైన్యమే రంగంలోకి దిగి ఎత్తయిన వేదికలను నిర్మించడం ఎవరిని రెచ్చగొట్టడానికో, ఎవరిని బేఖాతరు చేయడానికో తెలియదు.", negative
neutral,అటువంటి వారికి అనవసరమైన ప్రాధాన్యం ఇవ్వకూడదు., negative
neutral,"గ్లోబల్ మార్కెట్లు గొల్లుమనడం, పౌండు పతనం కావడమే కాదు, భారతదేశంతో సహా యావత్ ప్రపంచమూ ఈ తీర్పు పర్యవసానాలు పూర్తిగా అర్థమయ్యేంత వరకూ గందరగోళంలో కొట్టుమిట్టాడుతూనే ఉంటాయి.", negative
positive,"మూడు లక్షల సభ్వత్వాలు లక్ష్యం కాగా, సోమవారం నాటికి దాటిపోయి, అదనంగా 12, 800 నమోదయ్యాయి.", negative
negative,"జీకే వాసన నిష్క్రమణతో బలహీనపడిన కాంగ్రెస్, విజయకాంత నాయకత్వంలోని డీఎండీకే, రామ్దాస్ పక్షం వంటివి చేతులు కలుపుతున్నా స్టాలిన బలమైన పోటీ ఇచ్చే సూచనలు కనిపించడం లేదు.", negative
negative,"ఇప్పుడు ఉద్యోగుల శ్రేయస్సు నెపంతో, వారి అనవసరపు ఖర్చులు అరికట్టే పేరిట ఈ కొత్త విన్యాసానికి తెరదీయడం ఇంకా సాహసం.", negative
neutral,అనంతరం శవాన్ని ఖననం చేసినట్లు ఎసై రాము తెలిపారు., negative
negative,"అగ్రరాజ్యాలెన అమెరికా, రష్యా సిరియా వ్యవహారాన్ని స్థానిక సమస్యగా పరిగణించి దూరంగా ఉన్నట్లయితే సంక్షోభం తలెత్తేది కాదు.", negative
negative,అందువల్ల టీచర్లకే అధునాతన బోధనలో శిక్షణ ఉండటం లేదు., negative
neutral,అందుకే అడిగిందే తడవుగా ఆయుధాలు అందిస్తోంది., negative
positive,ఈ ఆరోపణపై సుప్రీంకోర్టు అప్పటిలోనే సీరియస్గా స్పందించి సిబిఐ మాజీ డైరక్టర్ ఎం ఎల్ శర్మ ఆధ్వర్యంలో ఒక దర్యాప్తు బృందాన్ని ఏర్పాటు చేసింది., negative
negative,కేరళలో బాణాసంచా మీద ఉన్న మోజు బహుశా దేశంలో ఎక్కడా కనిపించదేమో., negative
neutral,బాధ్యతగల పదవుల్లో ఉన్నవారు అన్ని విషయాలు తెలుసుకుని జాగ్రత్తగా మాట్లాడాల్సి ఉంటుంది., negative
positive,‘పారిస్ నుంచి పఠాన కోట్ వరకూ’ అంటూ ఉగ్రవాదాన్ని ధీటుగా ఎదుర్కొనడానికి వీలుగా వర్కింగ్ గ్రూపుల ఏర్పాటు నుంచి ఉమ్మడి సైనిక విన్యాసాల వరకూ వివిధ దశల్లో సహకారాన్ని సిద్ధం చేసుకున్నాయి., negative
positive,యూరప్లో స్విట్జర్లాండ్ కీలక భాగస్వామి అని ఐదు రోజుల పర్యటనకు ముందు మోదీ అభివర్ణించారు., negative
positive,"ఈ దేశంలో చదువుకోవడానికి వచ్చి, తాము చదువుతున్న విశ్వవిద్యాలయాలతోనూ, ఉంటున్న నగరాలతోనూ మమేకమైన విదేశీయుల పట్ల ఏ రకమైన వివక్షలూ లేని వాతావరణాన్ని సాధించడం మన బాధ్యత.", negative
neutral,స్మృతి ఇరానీ ఆ పని సక్రమంగా చేయలేదనే విషయం అర్ధమౌతున్నది., negative
negative,"‘మీకు ఏలా కుదిరితే అలా... ఆయుధంగా ఏది తోస్తే అది’ అంటూ ఇస్లామిక్ స్టేట్ ఇస్తున్న సందేశాలను బుర్రకెక్కించుకున్న వ్యక్తులు ఎటువంటి వినూత్నమైన ఆలోచనలతో, ఏ దారిన విరుచుకుపడతారన్నది భయపెడుతున్న అంశం.", negative
neutral,పరిస్థితిని గమనించిన కేంద్ర హోంమంత్రి రాజ్నాథ్ సింగ్ చకచకా చర్యలు తీసుకుని జమ్మూ కాశ్మీర్కు అదనపు బలగాలను పంపారు., negative
neutral,"అంటే, చేతిలో దీవులుంటే వాటి చుట్టూ ఉన్న సముద్రం మీద కూడా పెత్తనం చేయొచ్చు.", negative
neutral,రెండురోజుల్లో జిల్లా రిసోర్స్ పర్సన్లకు ఇస్తున్న శిక్షణ తరువాత గ్రామస్థాయిలో చేపట్టే కార్యక్రమాలపై శిక్షకులను కలెక్టర్ అడిగి తెలుసుకున్నారు., negative
positive,తద్వారా మరో మ్యాచ్ మిగిలుండగానే సిరీసను సొంతం చేసుకుంది., negative
neutral,ఇండియా- ఈయూ వార్షిక సదస్సులోనూ ఇదే విధమైన ముందడుగు కనిపించింది., negative
positive,"సబ్సిడీల్లో కోత, సంక్షేమాల్లో వాత, గ్యాస్ సిలిండర్ల సంఖ్య తగ్గింపు, పొదుపు మొత్తాలకు పన్ను రాయితీల ఉపసంహరణ, వ్యవసాయంలో బీటీకి పెద్దపీట... వంటి సర్వే సలహాలు వృద్ధి రేటును రెండంకెల స్థాయికి చేర్చడానికి ముందుగా సగటు జీవుల బతుకులను మరిన్ని వెతలపాలుచేసే అవకాశం ఉంది.", negative
neutral,"ఉద్యమకాలంలో ఉన్న భాగస్వామ్యం విధానరచనలోనూ, పునర్నిర్మాణంలోనూ ఉండాలని ఆశించారు.", negative
neutral,చార్లీ హెబ్డో పత్రిక కార్యాలయంపై దాడి జరిగినపుడు రెండో రోజు అక్కడి మసీదులపై స్థానికులు ప్రతిదాడులు జరిపారు., negative
neutral,"ఎల్జీబీటీ వ్యక్తుల హక్కులు, రక్షణ ఇత్యాదిఅంశాలపై ఈ విభాగం పనిచేస్తుంది.", negative
neutral,పదవీ విరమణ చేసిన ప్రభుత్వ ప్రధాన కార్యదర్శి ఐ.వై.ఆర్.కృష్ణారావు చొరవతో ముఖ్యమంత్రి చంద్రబాబునాయుడు తొలిసారిగా బ్రాహ్మణ కార్పొరేషన్ ఏర్పాటు చేశారు., positive
negative,ఉగ్రవాదుల దాడులు కొత్తగా ఇప్పుడే ప్రారంభమైనవి కాకపోయినా ఇంత విస్తృత చర్చ జరుగుతుండటంతో అభద్రత మరింత పెరుగుతున్నట్లుగా అనిపిస్తున్నది., negative
